banco,meses,apr_promedio_millones,rcg_promedio,roe_promedio,cartera_atrasada_promedio
Banco de Crédito del Perú,96,144913.12,16.01,19.72,3.44
Banco BBVA Perú,96,84341.18,14.93,15.17,3.68
Scotiabank Perú,96,67912.0,15.26,11.11,4.01
Interbank,96,56137.43,15.93,15.28,2.97
Banco Interamericano de Finanzas,96,15509.27,14.0,10.74,3.33
Mibanco,96,12951.84,17.17,14.8,6.18
Banco Pichincha,96,10621.45,12.69,1.07,5.42
Banco Santander Perú,96,7893.36,15.98,15.31,1.72
Banco GNB,96,5286.3,15.56,5.33,3.52
Banco Falabella Perú,96,4750.58,17.36,4.5,4.24
Citibank,96,4344.6,23.0,23.84,0.0
BANCOM,96,3031.75,13.3,5.86,3.83
Banco Ripley,96,2414.21,15.67,-0.35,3.73
Banco ICBC,96,1239.05,38.78,5.48,0.31
Alfin Banco,96,879.01,15.67,-15.24,7.31
Bank of China,54,480.11,54.74,5.29,0.0
