banco,meses,desde,hasta
Alfin Banco,96,2018-01,2025-12
BANCOM,96,2018-01,2025-12
Banco BBVA Perú,96,2018-01,2025-12
Banco Falabella Perú,96,2018-01,2025-12
Banco GNB,96,2018-01,2025-12
Banco ICBC,96,2018-01,2025-12
Banco Interamericano de Finanzas,96,2018-01,2025-12
Banco Pichincha,96,2018-01,2025-12
Banco Ripley,96,2018-01,2025-12
Banco Santander Perú,96,2018-01,2025-12
Banco de Crédito del Perú,96,2018-01,2025-12
Citibank,96,2018-01,2025-12
Mibanco,96,2018-01,2025-12
Interbank,96,2018-01,2025-12
Scotiabank Perú,96,2018-01,2025-12
Bank of China,54,2021-07,2025-12
