fecha,banco,patrimonio_efectivo,apr_total,ratio_capital_global,roe,cartera_atrasada
2018-04-30,B. Continental,9469059.91,6276036.31,15.09,448265.71,68687.58
2018-04-30,B. de Comercio,305236.22,244755.29,12.47,7812.65,3566.66
2018-04-30,B. de Crédito del Perú (con sucursales en el exterior),17428106.43,11125127.61,15.67,884280.29,171314.1
2018-04-30,B. Financiero,1092438.37,859006.2899999999,12.72,44255.2,1974.02
2018-04-30,B. Interamericano de Finanzas,1584699.13,1227623.99,12.91,68604.42,16678.34
2018-04-30,Scotiabank Perú,8436030.58,5637253.49,14.96,341141.52,63913.47
2018-04-30,Citibank,1174582.06,414696.46,28.32,57967.99,54546.14
2018-04-30,Interbank (con sucursales en el exterior),6912103.53,4096077.0500000003,16.87,258426.35,44985.08
2018-04-30,Mibanco,1493668.46,990017.51,15.09,55506.93,9217.86
2018-04-30,B. GNB,765178.88,521434.45999999996,14.67,41037.66,10562.76
2018-04-30,B. Falabella Perú,678849.25,398128.2,17.05,68275.52,2511.54
2018-04-30,B. Ripley,367243.09,246720.5,14.88,49344.1,2332.82
2018-04-30,B. Cencosud,170898.87,103549.31999999999,16.5,20709.86,73.9
2018-04-30,B. ICBC,138854.65,33267.5,41.74,2488.05,9055.44
2019-04-30,B. Continental,10227000.04,6866379.5,14.89,458807.18,99090.83
2019-04-30,B. de Comercio,354433.75,263769.88,13.44,8284.58,1544.74
2019-04-30,B. de Crédito del Perú (con sucursales en el exterior),19155753.59,12406903.020000001,15.44,921918.91,240499.55
2019-04-30,B. Interamericano de Finanzas,1744957.14,1262966.01,13.82,74017.54,19501.44
2019-04-30,Scotiabank Perú,8799972.81,6145081.080000001,14.32,350548.9,101981.11
2019-04-30,Citibank,784901.94,431619.04,18.19,58136.17,59363.25
2019-04-30,Interbank (con sucursales en el exterior),7465021.21,4560500.82,16.37,269444.02,57373.08
2019-04-30,Mibanco,1614637.15,1091478.5,14.79,64137.55,9444.21
2019-04-30,B. GNB,819334.46,554151.04,14.79,40235.68,9815.99
2019-04-30,B. Falabella Perú,710967.81,441138.86,16.12,88227.77,868.72
2019-04-30,B. Ripley,370304.88,258564.85,14.32,35583.0,1717.42
2019-04-30,B. ICBC,321454.61,81013.81,39.68,3350.93,14847.04
2020-04-30,B. BBVA Perú,11042843.54,7867650.14,14.04,510269.56,167960.48
2020-04-30,B. de Comercio,397155.35,291242.56999999995,13.64,8897.35,219.98
2020-04-30,B. de Crédito del Perú (con sucursales en el exterior),20771125.58,14304091.93,14.52,969947.16,393124.75
2020-04-30,B. Interamericano de Finanzas,1962342.24,1414408.63,13.87,77031.72,38457.72
2020-04-30,Scotiabank Perú,9986773.01,6712856.8,14.88,401550.13,122558.99
2020-04-30,Citibank,995272.06,467463.79,21.29,57999.11,63656.81
2020-04-30,Interbank (con sucursales en el exterior),7683720.56,5141244.52,14.95,333102.42,101598.59
2020-04-30,Mibanco,1826778.66,1301745.9,14.03,194880.2,16212.8
2020-04-30,B. GNB,855188.94,543336.58,15.74,39421.55,8783.47
2020-04-30,B. Falabella Perú,730586.52,459949.06,15.88,91989.81,4533.79
2020-04-30,B. Ripley,435692.27,276681.69,15.75,39988.99,1869.84
2020-04-30,B. ICBC,409307.48,117293.85,34.9,5176.13,17424.78
2021-04-30,B. BBVA Perú,11625949.4,78118954.38,14.88,5596926.210000001,1748493.7
2021-04-30,B. de Comercio,418474.31,2966516.8000000003,14.11,92027.25,1795.7400000000002
2021-04-30,B. de Crédito del Perú (con sucursales en el exterior),22355510.93,143320989.46,15.6,11594715.29,5279053.58
2021-04-30,B. Interamericano de Finanzas,2055960.53,14986516.980000004,13.72,842416.3,252610.98
2021-04-30,Scotiabank Perú,10697406.78,67948350.48,15.74,4198166.29,1154797.87
2021-04-30,Citibank,940287.15,3698186.9,25.43,540493.63,573226.63
2021-04-30,Interbank,8855042.29,53503694.9,16.55,3501574.6100000003,1506502.79
2021-04-30,Mibanco,2260540.03,12661863.300000004,17.85,1874049.65,204577.84
2021-04-30,B. GNB,843075.23,4710129.4799999995,17.9,371144.78,84043.00000000001
2021-04-30,B. Falabella Perú,691882.2,5156800.800000001,13.42,861676.5500000002,53033.94
2021-04-30,B. Ripley,339291.44,2650257.45,12.8,391867.5,13584.98
2021-04-30,B. ICBC,447648.56,1154490.97,38.77,71743.43,105048.63
2022-04-30,B. BBVA Perú,12573328.76,87595206.04999998,14.35,6191225.49,1532024.09
2022-04-30,B. de Comercio,434508.28,3463746.0300000003,12.54,174161.39,800.24
2022-04-30,B. de Crédito del Perú (con sucursales en el exterior),24063200.66,153284775.3,15.7,13492475.28,1933102.82
2022-04-30,B. Interamericano de Finanzas,2158045.6,16198656.36,13.32,923785.0300000001,25362.95
2022-04-30,Scotiabank Perú,10698192.26,75628863.68,14.15,4489305.29,527506.75
2022-04-30,Citibank,861746.27,3883546.4000000004,22.19,514084.92,582371.8700000001
2022-04-30,Interbank,8992723.44,58756750.14000001,15.31,3824046.42,1202311.79
2022-04-30,Mibanco,2319013.38,15170128.43,15.29,1910402.5800000003,133118.62
2022-04-30,B. GNB,847936.83,5212713.95,16.27,346104.55000000005,48972.82
2022-04-30,B. Falabella Perú,910731.38,6484950.909999999,14.04,903188.0800000001,25623.800000000003
2022-04-30,B. Ripley,435150.74,3089851.17,14.08,368074.24,840.65
2022-04-30,Alfin Banco,65982.5,1458963.0599999998,4.52,243288.44,3070.39
2022-04-30,B. ICBC,453479.59,1506103.29,30.11,91374.33000000002,114754.92
2023-04-30,B. BBVA Perú,13743597.07,89464145.9366,15.36,6933054.6809,1615278.9951
2023-04-30,B. de Comercio,438160.65,3553852.61806,12.33,249273.0746,193.50179999999997
2023-04-30,B. de Crédito del Perú (con sucursales en el exterior),24378309.16,148150910.56081003,16.46,15060915.39813,1801980.86491
2023-04-30,B. Interamericano de Finanzas,2312496.22,16241049.653450001,14.24,1039137.9162000001,105610.5764
2023-04-30,Scotiabank Perú,10740559.86,75899430.78778999,14.15,4542461.5093,1119810.2987000002
2023-04-30,Citibank,1109303.13,4430960.82916,25.04,623056.6571000001,455140.43588
2023-04-30,Interbank,9300502.98,61505403.77336,15.12,4754496.3454,1100970.7222
2023-04-30,Mibanco,2780472.18,14874268.615679998,18.69,1443249.6585,151329.6276
2023-04-30,B. GNB,815988.28,4607115.10292,17.71,320981.147,59195.570100000004
2023-04-30,B. Falabella Perú,826633.12,4536220.84049,18.22,492276.8311,47273.2546
2023-04-30,B. Ripley,402574.46,2224111.55829,18.1,353768.6105,6162.5152800000005
2023-04-30,Alfin Banco,91863.77,937106.1088,9.8,172211.67566,4417.1282
2023-04-30,B. ICBC,522889.46,1500633.06856,34.84,124756.6184,78916.6639
2024-04-30,B. BBVA Perú,11.777828352574053,11.777828352574053,15.567470099064447,0.0,96024289.9071
2024-04-30,B. de Crédito del Perú (con sucursales en el exterior),11.635833091749435,11.635833091749435,15.9862988803988,0.0,155524358.88635004
2024-04-30,B. Interamericano de Finanzas,9.44588198659419,9.44588198659419,14.21714058662111,0.0,17875916.51463
2024-04-30,Scotiabank Perú,13.635922944215299,13.635922944215299,14.758726579248888,0.0,71014838.85949999
2024-04-30,Citibank,26.757904719705515,26.757904719705515,27.177369537801287,0.0,4779538.02512
2024-04-30,Interbank,11.413859480268886,11.413859480268886,15.186106739431793,0.0,62323189.74757
2024-04-30,Mibanco,15.977346594067345,15.977346594067345,18.332927995227465,0.0,13848768.05053
2024-04-30,B. GNB,13.619304683700289,13.619304683700289,14.706740318885952,0.0,5388394.435219999
2024-04-30,B. Falabella Perú,18.062498848439066,18.062498848439066,18.81245912500803,0.0,4264863.3743199995
2024-04-30,B. Ripley,15.433481996694901,15.433481996694901,15.469052299411915,0.0,1779180.93434
2024-04-30,Alfin Banco,10.791503505347963,10.791503505347963,13.458570469246498,0.0,1005886.0123299999
2024-04-30,B. ICBC,34.242518016635465,34.242518016635465,39.79286733342583,0.0,1454622.4853500002
2025-04-30,B. BBVA Perú,12.394864894474878,12.394864894474878,15.488633821815784,0.0,101366276.23964
2025-04-30,B. de Crédito del Perú (con sucursales en el exterior),11.43318766444957,11.43318766444957,18.55247316546746,0.0,164407227.78838
2025-04-30,B. Interamericano de Finanzas,10.49911154176881,10.49911154176881,15.129728124383826,0.0,18050871.25882
2025-04-30,Scotiabank Perú,16.410593186679474,16.410593186679474,17.42211509949837,0.0,67081938.90541
2025-04-30,Citibank,24.62645931732199,24.62645931732199,24.936427452958952,0.0,5364996.79735
2025-04-30,Interbank,11.686806643202882,11.686806643202882,17.227776117641362,0.0,65510346.19940999
2025-04-30,Mibanco,16.05203949376092,16.05203949376092,19.2533990476973,0.0,13048309.27347
2025-04-30,B. GNB,13.492851689646859,13.492851689646859,14.389367833180872,0.0,5801301.14935
2025-04-30,B. Falabella Perú,21.78127757927688,21.78127757927688,22.81425152428231,0.0,4486486.95176
2025-04-30,B. Ripley,17.567734161259306,17.567734161259306,17.75943346636514,0.0,1786349.844
2025-04-30,Alfin Banco,8.120727552466981,8.120727552466981,13.206904677390662,0.0,1165655.2200699998
2025-04-30,B. ICBC,35.38262588859004,35.38262588859004,40.56273980713684,0.0,1542377.6088999999
2018-08-31,B. Continental,9543747.55,6353208.27,15.02,452331.19,73708.77
2018-08-31,B. de Comercio,312216.86,247691.46,12.61,7968.01,1601.99
2018-08-31,B. de Crédito del Perú (con sucursales en el exterior),17483377.7,11605287.08,15.07,893948.52,142264.26
2018-08-31,B. Interamericano de Finanzas,1601467.22,1234632.2700000003,12.97,70221.09,11609.09
2018-08-31,Scotiabank Perú,8371401.81,5722968.76,14.63,347768.99,62241.72
2018-08-31,Citibank,770141.0,472564.98,16.3,56659.38,63058.54
2018-08-31,Interbank (con sucursales en el exterior),6909763.9,4180858.02,16.53,260490.5,63407.74
2018-08-31,Mibanco,1496606.06,1014159.36,14.76,58227.84,6872.87
2018-08-31,B. GNB,766672.85,531018.54,14.44,41090.67,10759.86
2018-08-31,B. Falabella Perú,678331.16,404067.22000000003,16.79,68917.95,1009.94
2018-08-31,B. Ripley,368159.42,257243.01,14.31,51448.6,3104.53
2018-08-31,B. Cencosud,182163.92,108610.78,16.77,21722.15,106.62
2018-08-31,B. ICBC,313496.12,54204.369999999995,57.84,2683.36,14398.41
2019-08-31,B. BBVA Perú,10369101.55,7298820.84,14.21,490717.56,171220.63
2019-08-31,B. de Comercio,373149.19,278957.64,13.38,8475.53,290.98
2019-08-31,B. de Crédito del Perú (con sucursales en el exterior),19314467.61,13047024.93,14.8,945011.9,201972.26
2019-08-31,B. Interamericano de Finanzas,1771428.98,1285323.9100000001,13.78,71488.58,28046.0
2019-08-31,Scotiabank Perú,9246702.8,6383812.15,14.48,377554.0,113250.78
2019-08-31,Citibank,781470.91,425596.7,18.36,59912.56,63179.12
2019-08-31,Interbank (con sucursales en el exterior),7598745.7,4870412.780000001,15.6,313936.52,67922.28
2019-08-31,Mibanco,1683827.76,1090632.48,15.44,66925.94,10097.54
2019-08-31,B. GNB,824304.59,568185.1,14.51,40191.45,8039.66
2019-08-31,B. Falabella Perú,721687.7,452500.15,15.95,90500.03,2285.91
2019-08-31,B. Ripley,434872.35,263830.28,16.48,38324.71,2331.31
2019-08-31,B. ICBC,325819.19,77053.55,42.28,3839.39,10104.01
2020-08-31,B. BBVA Perú,11222224.2,7759257.61,14.46,522403.61,138747.16
2020-08-31,B. de Comercio,412026.21,293690.5,14.03,8967.92,218.57
2020-08-31,B. de Crédito del Perú (con sucursales en el exterior),21465795.88,14015112.35,15.32,988298.99,435300.84
2020-08-31,B. Interamericano de Finanzas,1962743.07,1412021.38,13.9,79898.87,45833.42
2020-08-31,Scotiabank Perú,10140843.36,6530681.08,15.53,409357.38,46533.29
2020-08-31,Citibank,997962.28,425371.38999999996,23.46,57173.06,36428.91
2020-08-31,Interbank (con sucursales en el exterior),8771473.89,5283352.0,16.6,344912.62,144880.59
2020-08-31,Mibanco,2080757.3,1176845.94,17.68,192418.92,11791.86
2020-08-31,B. GNB,864146.66,501633.86000000004,17.23,38629.77,9286.08
2020-08-31,B. Falabella Perú,678358.69,430757.22,15.75,86151.44,5181.62
2020-08-31,B. Ripley,424397.96,258301.36,16.43,39856.45,1068.99
2020-08-31,B. ICBC,434544.13,114842.87,37.84,5549.86,11445.95
2021-08-31,B. BBVA Perú,11884533.86,81925949.46,14.51,5865421.690000001,1391827.6600000001
2021-08-31,B. de Comercio,424389.47,2979991.91,14.24,132208.08,864.69
2021-08-31,B. de Crédito del Perú (con sucursales en el exterior),22882623.98,150731844.35000002,15.18,11964746.560000002,3675466.84
2021-08-31,B. Interamericano de Finanzas,2113962.63,15269410.599999998,13.84,882311.3500000001,74936.02
2021-08-31,Scotiabank Perú,10791454.8,73484474.49,14.69,4327412.17,1227862.1
2021-08-31,Citibank,747493.24,3435245.130000001,21.76,516276.5900000001,250922.91
2021-08-31,Interbank,9163509.02,55690561.03,16.45,3644483.68,1318894.68
2021-08-31,Mibanco,2229667.6,13234979.97,16.85,1877015.76,205800.32000000004
2021-08-31,B. GNB,854829.65,4830444.710000001,17.7,361654.52,76684.4
2021-08-31,B. Falabella Perú,758642.15,5673168.49,13.37,935752.2,44027.96000000001
2021-08-31,B. Ripley,395045.94,2741757.3800000004,14.41,382596.67000000004,8264.16
2021-08-31,B. ICBC,456446.5,1435484.8900000001,31.8,80777.71,100046.86000000002
2022-08-31,B. BBVA Perú,12595888.68,89262613.85999997,14.11,6395836.800000001,1420449.13
2022-08-31,B. de Comercio,443459.06,3522983.81,12.59,175221.04000000004,87.17
2022-08-31,B. de Crédito del Perú (con sucursales en el exterior),24148723.35,160832241.95999998,15.01,13874089.2,2079827.1900000002
2022-08-31,B. Interamericano de Finanzas,2214910.73,16752432.700000003,13.22,994540.38,21820.99
2022-08-31,Scotiabank Perú,10621870.96,75831092.79999998,14.01,4465546.77,799906.0
2022-08-31,Citibank,860043.54,4155774.3900000006,20.7,531944.4200000002,450417.85000000003
2022-08-31,Interbank,9400717.81,61611462.68000001,15.26,4464599.5600000005,1186723.51
2022-08-31,Mibanco,2320107.54,15755249.04,14.73,1945569.4200000002,83116.20000000001
2022-08-31,B. GNB,854719.05,5329666.03,16.04,338453.36000000004,45254.61
2022-08-31,B. Falabella Perú,947511.4,6137710.109999999,15.44,468520.5,33320.82000000001
2022-08-31,B. Ripley,447328.38,3098053.5999999996,14.44,359917.03,9619.92
2022-08-31,Alfin Banco,66308.12,1511414.3199999998,4.39,252035.80000000002,3201.95
2022-08-31,B. ICBC,477444.0,1644171.1400000004,29.04,102835.12000000001,105341.35000000002
2023-08-31,B. BBVA Perú,12.338982140851886,12.338982140851886,15.874657784367857,0.0,91220409.3483
2023-08-31,B. de Crédito del Perú (con sucursales en el exterior),13.072535777741312,13.072535777741312,17.538994059730133,0.0,148395552.43644
2023-08-31,B. Interamericano de Finanzas,9.69302146410357,9.69302146410357,14.578732326529417,0.0,16800888.17937
2023-08-31,Scotiabank Perú,13.469960725693857,13.469960725693857,14.635956804680852,0.0,74688229.84797001
2023-08-31,Citibank,30.393659529461786,30.393659529461786,30.835250067389573,0.0,4331573.90641
2023-08-31,Interbank,11.295207187620306,11.295207187620306,15.066119461159996,0.0,63636757.43636
2023-08-31,Mibanco,17.137715750966606,17.137715750966606,19.439412722175454,0.0,14755898.60132
2023-08-31,B. GNB,15.725266569325752,15.725266569325752,17.194621758124484,0.0,4780627.16355
2023-08-31,B. Falabella Perú,17.514563891065716,17.514563891065716,18.26488985217621,0.0,4399121.56959
2023-08-31,B. Ripley,17.491217996594205,17.491217996594205,17.504979783975188,0.0,2106848.49661
2023-08-31,Alfin Banco,8.995577947362323,8.995577947362323,9.597876948170214,0.0,984217.29455
2023-08-31,B. ICBC,30.089894565811658,30.089894565811658,35.48516651162676,0.0,1528788.87305
2024-08-31,B. BBVA Perú,12.520377076074684,12.520377076074684,16.300498105775944,0.0,96358304.57444
2024-08-31,B. de Crédito del Perú (con sucursales en el exterior),12.842971776621026,12.842971776621026,17.154236557892123,0.0,156722788.74163002
2024-08-31,B. Interamericano de Finanzas,9.840020024465394,9.840020024465394,14.45457850409412,0.0,17961268.73887
2024-08-31,Scotiabank Perú,14.97586133991926,14.97586133991926,15.923466264099789,0.0,68756148.71878001
2024-08-31,Citibank,31.83401910385205,31.83401910385205,32.22962973507022,0.0,4727259.349880001
2024-08-31,Interbank,11.948971404611546,11.948971404611546,15.667230766928885,0.0,63393098.34597
2024-08-31,Mibanco,17.66620616726537,17.66620616726537,20.038432183782373,0.0,13081848.51715
2024-08-31,B. GNB,13.51880116525446,13.51880116525446,14.596671585977386,0.0,5469397.858519999
2024-08-31,B. Falabella Perú,20.572890042914903,20.572890042914903,21.312367182379255,0.0,4188968.0344499997
2024-08-31,B. Ripley,16.26689065664635,16.26689065664635,16.344562180698695,0.0,1656991.0054699997
2024-08-31,Alfin Banco,12.08842710648065,12.08842710648065,16.79082445591377,0.0,904416.5126700001
2024-08-31,B. ICBC,31.90104167632175,31.90104167632175,36.94493542500574,0.0,1618326.31467
2025-08-31,B. BBVA Perú,12.974992832186613,12.974992832186613,15.9456335112501,0.0,104319261.79147999
2025-08-31,B. de Crédito del Perú (con sucursales en el exterior),12.56105851992044,12.56105851992044,17.546180492040815,0.0,167270835.45466
2025-08-31,B. Interamericano de Finanzas,10.700047536878296,10.700047536878296,15.117542638154823,0.0,18843643.867969997
2025-08-31,Scotiabank Perú,17.064935817585756,17.064935817585756,20.187091508223798,0.0,67175226.45698
2025-08-31,Citibank,31.97723831384472,31.97723831384472,32.32364432126307,0.0,4565408.8135
2025-08-31,Interbank,11.98075316014473,11.98075316014473,15.751003054622547,0.0,68301041.29872
2025-08-31,Mibanco,16.989224955110746,16.989224955110746,21.035950652811756,0.0,13453415.06877
2025-08-31,B. GNB,13.33318284690021,13.33318284690021,14.270436533535378,0.0,6012945.300949999
2025-08-31,B. Falabella Perú,23.076177813658756,23.076177813658756,24.117135977856684,0.0,4653286.0822600005
2025-08-31,B. Ripley,18.814403705569703,18.814403705569703,18.96222123653349,0.0,1835377.8762599998
2025-08-31,Alfin Banco,8.235670988363374,8.235670988363374,13.701217734478705,0.0,1241898.96579
2025-08-31,B. ICBC,32.3625310100381,32.3625310100381,37.06916145842352,0.0,1716956.30355
2018-12-31,B. Continental,9989371.35,6682983.83,14.95,451660.3,68056.58
2018-12-31,B. de Comercio,337324.56,258638.5,13.04,8102.9,1593.17
2018-12-31,B. de Crédito del Perú (con sucursales en el exterior),17679037.68,12479803.12,14.17,903120.26,176074.99
2018-12-31,B. Interamericano de Finanzas,1639823.15,1228040.5799999998,13.35,71937.48,16156.91
2018-12-31,Scotiabank Perú,8752457.65,5978166.69,14.64,343617.37,84006.84
2018-12-31,Citibank,770003.17,459108.05000000005,16.77,56133.41,64511.51
2018-12-31,Interbank (con sucursales en el exterior),7007380.88,4439098.53,15.79,263644.41,68314.65
2018-12-31,Mibanco,1491450.58,1039393.6,14.35,60975.15,7646.47
2018-12-31,B. GNB,702656.87,543396.97,12.93,40671.98,10777.76
2018-12-31,B. Falabella Perú,704032.69,412976.58,17.05,69087.56,1188.15
2018-12-31,B. Ripley,369779.99,252542.9,14.64,35076.97,1573.24
2018-12-31,B. Cencosud,195574.76,119439.66,16.37,23887.93,106.82
2018-12-31,B. ICBC,315543.8,72944.58,43.26,2912.87,14183.31
2019-12-31,B. BBVA Perú,10775506.77,7670617.09,14.05,501903.58,130523.26
2019-12-31,B. de Comercio,382157.54,281938.31,13.55,8720.46,189.29
2019-12-31,B. de Crédito del Perú (con sucursales en el exterior),19408001.97,13412884.999999998,14.47,963108.62,226383.52
2019-12-31,B. Interamericano de Finanzas,1903024.11,1302062.83,14.62,74273.71,30302.85
2019-12-31,Scotiabank Perú,9400511.74,6503400.329999999,14.45,389284.93,104506.81
2019-12-31,Citibank,779002.26,405735.28,19.2,56784.22,55134.01
2019-12-31,Interbank (con sucursales en el exterior),7679278.12,5067378.56,15.15,325403.41,76246.89
2019-12-31,Mibanco,1667429.85,1153599.7500000002,14.45,69785.6,7879.86
2019-12-31,B. GNB,813783.07,548005.77,14.85,39827.64,7477.64
2019-12-31,B. Falabella Perú,724004.39,482707.97,15.0,96541.59,2676.91
2019-12-31,B. Ripley,435761.09,271262.81,16.06,39348.03,2248.1
2019-12-31,B. ICBC,394114.05,106020.31999999999,37.17,4399.4,21482.36
2020-12-31,B. BBVA Perú,10648940.8,7782023.48,13.68,541622.16,124901.84
2020-12-31,B. de Comercio,409017.18,301544.7,13.56,9068.57,188.81
2020-12-31,B. de Crédito del Perú (con sucursales en el exterior),21210287.37,14204287.719999999,14.93,1130934.29,485924.08
2020-12-31,B. Interamericano de Finanzas,2031128.28,1449378.27,14.01,82054.63,56205.22
2020-12-31,Scotiabank Perú,10294564.48,6237385.76,16.5,412950.33,64745.85
2020-12-31,Citibank,995080.27,379069.68,26.25,55199.63,31395.41
2020-12-31,Interbank (con sucursales en el exterior),8742125.73,5145181.57,16.99,345649.12,141424.38
2020-12-31,Mibanco,2449641.89,1235633.63,19.82,190683.21,13486.2
2020-12-31,B. GNB,843686.81,483858.01,17.44,37957.16,7733.84
2020-12-31,B. Falabella Perú,622225.0,451655.55,13.78,90331.11,1416.32
2020-12-31,B. Ripley,353710.2,245389.7,14.41,39675.72,702.91
2020-12-31,B. ICBC,444912.46,115144.59000000001,38.64,6318.94,8975.77
2021-12-31,B. BBVA Perú,11919148.64,84328425.30000001,14.13,6024180.03,1987604.8600000003
2021-12-31,B. de Comercio,425970.91,3330648.96,12.79,133648.95,604.1700000000001
2021-12-31,B. de Crédito del Perú (con sucursales en el exterior),22772151.11,152376235.41000003,14.94,12259930.46,2408770.41
2021-12-31,B. Interamericano de Finanzas,2140684.98,15623411.250000002,13.7,913414.5500000002,115781.53
2021-12-31,Scotiabank Perú,10659310.88,72518047.24000001,14.7,4434584.25,1099685.63
2021-12-31,Citibank,748049.88,3607229.860000001,20.74,512470.24000000005,441576.43000000005
2021-12-31,Interbank,9135613.71,57570306.25000001,15.87,3729803.4700000007,1359883.99
2021-12-31,Mibanco,2305026.13,14055964.750000002,16.4,1888694.7900000003,149356.94
2021-12-31,B. GNB,819926.88,4891099.64,16.76,352063.13,73743.37
2021-12-31,B. Falabella Perú,850341.66,5974276.49,14.23,911939.1000000001,41374.69
2021-12-31,B. Ripley,399881.33,2947508.6599999997,13.57,374934.7100000001,2290.42
2021-12-31,Alfin Banco3/,49590.91,1220480.0,4.06,203488.57000000004,1805.5700000000002
2021-12-31,B. ICBC,454107.55,1411154.4800000002,32.18,86905.69000000002,117795.61000000002
2022-12-31,B. BBVA Perú,12884878.96,92296091.75999999,13.96,6646142.1,1425453.36
2022-12-31,B. de Comercio,443866.5,3587552.8099999996,12.37,175948.75,724.06
2022-12-31,B. de Crédito del Perú (con sucursales en el exterior),23364361.43,161938838.06,14.43,14410537.14,1560281.01
2022-12-31,B. Interamericano de Finanzas,2374914.89,16941952.06,14.02,1019959.4200000002,25314.0
2022-12-31,Scotiabank Perú,10553517.02,75547701.66999999,13.97,4510849.16,1695737.4100000001
2022-12-31,Citibank,748950.51,3702709.1399999997,20.23,571802.87,452037.25000000006
2022-12-31,Interbank,9754805.64,64690083.12,15.08,4595160.360000001,1186128.16
2022-12-31,Mibanco,2327801.22,15850328.870000001,14.69,1407862.98,96802.93
2022-12-31,B. GNB,812068.58,5092228.279999999,15.95,330220.0900000001,51390.85
2022-12-31,B. Falabella Perú,949894.54,6197260.4,15.33,474685.10000000003,60139.93000000001
2022-12-31,B. Ripley,437362.1,3231651.49,13.53,354932.53,8728.75
2022-12-31,Alfin Banco,142430.52,1473770.58,9.66,258411.61,3942.0000000000005
2022-12-31,B. ICBC,479110.88,1572373.6600000004,30.47,116919.08000000002,96015.09
2023-12-31,B. BBVA Perú,12.332041381524427,12.332041381524427,15.587582546550346,0.0,95667570.11386001
2023-12-31,B. de Crédito del Perú (con sucursales en el exterior),13.090301682575312,13.090301682575312,17.457663793169704,0.0,153473130.24494
2023-12-31,B. Interamericano de Finanzas,9.718952046269036,9.718952046269036,14.655883922865979,0.0,17217872.500469998
2023-12-31,Scotiabank Perú,13.808539875985415,13.808539875985415,14.947521729540439,0.0,72464858.85287
2023-12-31,Citibank,27.01994866645257,27.01994866645257,27.46068905275822,0.0,4421015.44146
2023-12-31,Interbank,11.751698649137351,11.751698649137351,15.452405021826717,0.0,63494884.256699994
2023-12-31,Mibanco,18.262806401496142,18.262806401496142,20.606360502646304,0.0,14096879.7414
2023-12-31,B. GNB,14.114923488304287,14.114923488304287,15.419892898331042,0.0,5162855.296939999
2023-12-31,B. Falabella Perú,17.639811233772914,17.639811233772914,18.38111500047688,0.0,4373024.00238
2023-12-31,B. Ripley,15.280632441579108,15.280632441579108,15.324519504524842,0.0,2041581.28855
2023-12-31,Alfin Banco,10.959768598761327,10.959768598761327,12.553470665863117,0.0,941263.88172
2023-12-31,B. ICBC,34.15778731103337,34.15778731103337,39.81580410179603,0.0,1421955.77726
2024-12-31,B. BBVA Perú,12.763049340068996,12.763049340068996,15.94723100387869,0.0,99900295.84366
2024-12-31,B. de Crédito del Perú (con sucursales en el exterior),13.081968976655913,13.081968976655913,18.70665792718404,0.0,161734380.9478
2024-12-31,B. Interamericano de Finanzas,10.154702866863547,10.154702866863547,14.947826906019898,0.0,18025890.99539
2024-12-31,Scotiabank Perú,16.21410882347875,16.21410882347875,17.140810126945755,0.0,66259908.08475
2024-12-31,Citibank,24.26786579041255,24.26786579041255,24.606631138767124,0.0,4889552.72799
2024-12-31,Interbank,12.272696818852362,12.272696818852362,15.922216225510521,0.0,64308281.86302
2024-12-31,Mibanco,17.07113425393918,17.07113425393918,19.42085024056554,0.0,13267611.34864
2024-12-31,B. GNB,13.838844461175038,13.838844461175038,14.795360816688301,0.0,5554048.431059998
2024-12-31,B. Falabella Perú,19.94207655960154,19.94207655960154,20.98301219535806,0.0,4524603.64693
2024-12-31,B. Ripley,17.194187665186554,17.194187665186554,17.477140600054124,0.0,1751662.4223700003
2024-12-31,Alfin Banco,10.420788166924638,10.420788166924638,15.217888875539995,0.0,970540.68992
2024-12-31,B. ICBC,35.25066707878486,35.25066707878486,40.770825395056534,0.0,1517751.8229900002
2025-12-31,B. BBVA Perú,13.109203295361132,13.109203295361132,15.914117436150981,0.0,109712819.33285001
2025-12-31,B. de Crédito del Perú (con sucursales en el exterior),13.664085855622307,13.664085855622307,19.441348745667018,0.0,167948439.33699
2025-12-31,B. Interamericano de Finanzas,11.538247476161002,11.538247476161002,16.39451105170293,0.0,18368125.105920002
2025-12-31,Scotiabank Perú,15.6602726434243,15.6602726434243,18.591899798367425,0.0,69057551.21133
2025-12-31,Citibank,24.147721233096338,24.147721233096338,24.420353251001966,0.0,4708012.84809
2025-12-31,Interbank,12.500095268296949,12.500095268296949,16.02217513158541,0.0,69129765.40949
2025-12-31,Mibanco,17.40758820955905,17.40758820955905,21.25192867821949,0.0,14307577.290459998
2025-12-31,B. GNB,13.417756808815504,13.417756808815504,14.034866666009782,0.0,6243632.4445899995
2025-12-31,B. Falabella Perú,23.292122271381018,23.292122271381018,24.345413778607345,0.0,4907120.2930499995
2025-12-31,B. Ripley,19.7178596574117,19.7178596574117,19.85502115378155,0.0,1911287.2891499999
2025-12-31,Alfin Banco,8.677587530561064,8.677587530561064,14.46264538250188,0.0,1328639.27238
2025-12-31,B. ICBC,35.79909014242968,35.79909014242968,40.55719242504205,0.0,1581236.63806
2018-01-31,B. Continental,8913326.76,6212750.93,14.35,446196.52,52737.25
2018-01-31,B. de Comercio,298452.53,246661.5,12.1,7765.54,3047.69
2018-01-31,B. de Crédito del Perú (con sucursales en el exterior),16340112.08,10737942.15,15.22,877103.58,157683.58
2018-01-31,B. Financiero,1105029.98,835572.71,13.22,43933.63,564.25
2018-01-31,B. Interamericano de Finanzas,1560329.28,1185326.5,13.16,67322.43,7274.96
2018-01-31,Scotiabank Perú,8058224.84,5348138.23,15.07,334764.23,66205.58
2018-01-31,Citibank,1161225.08,445598.55000000005,26.06,58716.89,69065.66
2018-01-31,Interbank (con sucursales en el exterior),6298915.07,3852805.3299999996,16.35,253598.88,36476.07
2018-01-31,Mibanco,1456035.77,974936.4500000001,14.93,53362.04,6964.1
2018-01-31,B. GNB,727540.26,529417.13,13.74,40888.29,7011.72
2018-01-31,B. Falabella Perú,668533.61,380724.07,17.56,39196.35,2579.77
2018-01-31,B. Ripley,367702.82,256983.1,14.31,51382.52,1436.95
2018-01-31,B. Cencosud,157564.39,95913.31,16.43,19182.66,70.39
2018-01-31,B. ICBC,149099.57,25239.09,59.07,2417.02,2785.3
2019-01-31,B. Continental,9975883.91,6647036.07,15.01,452740.07,69666.18
2019-01-31,B. de Comercio,340664.68,260012.58000000002,13.1,8124.85,1686.2
2019-01-31,B. de Crédito del Perú (con sucursales en el exterior),17163422.7,12131010.0,14.15,907746.28,173729.84
2019-01-31,B. Interamericano de Finanzas,1620552.12,1278412.75,12.68,72293.48,18234.02
2019-01-31,Scotiabank Perú,8710086.62,5944802.33,14.65,344591.32,127176.54
2019-01-31,Citibank,770551.95,452686.3,17.02,56094.69,59996.1
2019-01-31,Interbank (con sucursales en el exterior),7004164.96,4482321.720000001,15.63,265377.27,78048.46
2019-01-31,Mibanco,1491002.87,1037953.71,14.36,61581.07,9094.87
2019-01-31,B. GNB,702663.79,549824.78,12.78,40509.96,11059.49
2019-01-31,B. Falabella Perú,703039.76,405439.79,17.34,69103.19,793.87
2019-01-31,B. Ripley,370432.86,259015.97999999998,14.3,35239.08,2558.66
2019-01-31,B. Cencosud,195497.87,118875.69,16.45,23775.14,119.58
2019-01-31,B. ICBC,315999.45,73742.19,42.85,2920.74,13993.81
2020-01-31,B. BBVA Perú,11008752.46,7738671.8100000005,14.23,504727.69,147603.57
2020-01-31,B. de Comercio,382039.51,294356.16000000003,12.98,8778.84,135.8
2020-01-31,B. de Crédito del Perú (con sucursales en el exterior),19119518.63,13600779.57,14.06,967943.57,249331.41
2020-01-31,B. Interamericano de Finanzas,1911016.76,1392698.4299999997,13.72,75030.4,33738.4
2020-01-31,Scotiabank Perú,9399741.78,6676989.069999999,14.08,392933.39,125482.8
2020-01-31,Citibank,779695.28,426434.52,18.28,57473.77,59202.45
2020-01-31,Interbank (con sucursales en el exterior),7694860.3,5171032.56,14.88,327776.84,79054.75
2020-01-31,Mibanco,1720445.21,1243425.54,13.84,131916.11,10926.97
2020-01-31,B. GNB,820001.57,545998.84,15.02,39787.61,8601.24
2020-01-31,B. Falabella Perú,725490.13,499323.72000000003,14.53,99864.74,3784.15
2020-01-31,B. Ripley,438852.12,294869.63,14.88,39555.2,1954.46
2020-01-31,B. ICBC,407599.56,105938.25,38.48,4637.07,21021.77
2021-01-31,B. BBVA Perú,10660317.94,7793844.600000001,13.68,545697.25,146913.41
2021-01-31,B. de Comercio,409363.3,296603.91000000003,13.8,9109.44,197.94
2021-01-31,B. de Crédito del Perú (con sucursales en el exterior),21269675.65,14268654.93,14.91,1137231.6,494725.1
2021-01-31,B. Interamericano de Finanzas,2039338.55,1473049.48,13.84,82631.32,44486.47
2021-01-31,Scotiabank Perú,10342257.16,6471093.38,15.98,414314.38,58692.07
2021-01-31,Citibank,993846.83,368127.17,27.0,54773.19,34361.23
2021-01-31,Interbank,8724223.87,5214606.32,16.73,347056.65,140711.1
2021-01-31,Mibanco,2450530.4,1244427.71,19.69,189857.09,15154.51
2021-01-31,B. GNB,842571.7,504636.88,16.7,37705.29,7560.07
2021-01-31,B. Falabella Perú,617993.28,463532.64,13.33,92706.53,3228.21
2021-01-31,B. Ripley,344567.73,236887.26,14.55,39534.2,853.96
2021-01-31,B. ICBC,446175.15,122805.29999999999,36.33,6478.15,8971.75
2022-01-31,B. BBVA Perú,11855105.53,84855265.72000003,13.97,6079604.43,1915070.5700000003
2022-01-31,B. de Comercio,425872.45,3310220.5600000005,12.87,133981.51,317.27
2022-01-31,B. de Crédito del Perú (con sucursales en el exterior),22365402.52,150869342.36,14.82,13272324.390000002,3081763.1900000004
2022-01-31,B. Interamericano de Finanzas,2137628.37,15872431.619999997,13.47,916784.3,172787.60000000003
2022-01-31,Scotiabank Perú,10596075.31,73554858.64000002,14.41,4455568.97,538856.34
2022-01-31,Citibank,747593.22,3496641.44,21.38,510072.89,451995.57
2022-01-31,Interbank,8695420.72,57359628.940000005,15.16,3748360.9400000004,1252543.02
2022-01-31,Mibanco,2306999.44,14212779.339999998,16.23,1891044.5400000003,139495.87
2022-01-31,B. GNB,818195.05,4908741.93,16.67,350592.60000000003,58382.61
2022-01-31,B. Falabella Perú,910328.99,6033494.1,15.09,908890.29,38040.52
2022-01-31,B. Ripley,400761.42,2987129.5199999996,13.42,372804.51,4900.8
2022-01-31,Alfin Banco3/,41883.83,1381182.2300000002,3.03,230275.27000000002,1877.61
2022-01-31,B. ICBC,450822.15,1463730.78,30.8,87853.35,114320.7
2023-01-31,B. BBVA Perú,14275412.73,87579417.15762001,16.3,6708415.8928000005,1357547.73875
2023-01-31,B. de Comercio,438601.5,3555807.1085100006,12.33,251188.35075,799.6893
2023-01-31,B. de Crédito del Perú (con sucursales en el exterior),25979992.0,148151633.05965,17.54,14545429.20165,1283019.2174200001
2023-01-31,B. Interamericano de Finanzas,2340429.85,16343439.02574,14.32,1022562.62053,58417.3664
2023-01-31,Scotiabank Perú,11179313.0,75135996.02179,14.88,4516461.805020001,1164444.49948
2023-01-31,Citibank,973250.01,4396907.488220001,22.13,584389.74838,456597.89056
2023-01-31,Interbank,9544187.02,59754842.63143,15.97,4622725.99103,1111521.8608499998
2023-01-31,Mibanco,2725699.12,14398993.09667,18.93,1414062.45248,123206.03407
2023-01-31,B. GNB,822038.15,4887885.78781,16.82,327576.1689,53116.95259
2023-01-31,B. Falabella Perú,838094.93,4513640.46069,18.57,478581.56714,44005.330700000006
2023-01-31,B. Ripley,352364.35,2144493.7695199996,16.43,353536.05133999995,7519.41888
2023-01-31,Alfin Banco,91155.16,858374.1340600001,10.62,150436.70390999998,5209.27883
2023-01-31,B. ICBC,510463.17,1654909.39216,30.85,119989.43616,77948.22245999999
2024-01-31,B. BBVA Perú,12.459383605719777,12.459383605719777,15.759478012856729,0.0,96059665.72811
2024-01-31,B. de Crédito del Perú (con sucursales en el exterior),13.547166993684609,13.547166993684609,18.017507716926545,0.0,152483498.17515
2024-01-31,B. Interamericano de Finanzas,9.775952875081204,9.775952875081204,14.691127101990778,0.0,17351244.91422
2024-01-31,Scotiabank Perú,13.988180001405548,13.988180001405548,15.11411686563529,0.0,72302523.08663
2024-01-31,Citibank,27.039317927510837,27.039317927510837,27.442893902077593,0.0,4629757.80297
2024-01-31,Interbank,11.933533407097675,11.933533407097675,16.373806742070187,0.0,63175709.62524
2024-01-31,Mibanco,18.634767155952296,18.634767155952296,20.98609448757766,0.0,13976429.27321
2024-01-31,B. GNB,13.903282377146898,13.903282377146898,15.20160005440469,0.0,5250136.6194
2024-01-31,B. Falabella Perú,17.857680419600083,17.857680419600083,18.584166557139373,0.0,4291395.12079
2024-01-31,B. Ripley,15.446681592372386,15.446681592372386,15.486524603843863,0.0,1976406.9466900001
2024-01-31,Alfin Banco,10.757111485041767,10.757111485041767,13.132436676302166,0.0,960730.85004
2024-01-31,B. ICBC,34.34642010715037,34.34642010715037,40.07129442361375,0.0,1437119.5917399998
2025-01-31,B. BBVA Perú,13.099275693688138,13.099275693688138,16.281347564942696,0.0,98741345.96707
2025-01-31,B. de Crédito del Perú (con sucursales en el exterior),13.502628617100193,13.502628617100193,19.09111564295394,0.0,161107359.63768
2025-01-31,B. Interamericano de Finanzas,10.249612905022918,10.249612905022918,15.013474415014203,0.0,18071333.912019998
2025-01-31,Scotiabank Perú,16.33003393421616,16.33003393421616,17.340269012694165,0.0,66269666.86202999
2025-01-31,Citibank,22.39882853420489,22.39882853420489,22.676798507644016,0.0,5422021.050349999
2025-01-31,Interbank,12.24934798552068,12.24934798552068,18.000438241264792,0.0,63519440.80838
2025-01-31,Mibanco,17.354229324560144,17.354229324560144,19.705846272032243,0.0,13265121.800779998
2025-01-31,B. GNB,13.992613070960722,13.992613070960722,14.96609273161602,0.0,5523957.41284
2025-01-31,B. Falabella Perú,20.52410249049182,20.52410249049182,21.56464230438661,0.0,4464795.11807
2025-01-31,B. Ripley,17.561927110657667,17.561927110657667,17.794730795354006,0.0,1726381.71548
2025-01-31,Alfin Banco,8.66521708236271,8.66521708236271,14.442028815824187,0.0,965568.89914
2025-01-31,B. ICBC,37.81252981579979,37.81252981579979,43.4121196745389,0.0,1425733.21342
2018-02-28,B. Continental,8946318.34,6243838.550000001,14.33,446485.36,89064.74
2018-02-28,B. de Comercio,297491.95,245060.26,12.14,7769.23,3185.15
2018-02-28,B. de Crédito del Perú (con sucursales en el exterior),16327631.76,10896589.820000002,14.98,880277.98,173180.96
2018-02-28,B. Financiero,1116187.4,842825.31,13.24,44012.98,1317.81
2018-02-28,B. Interamericano de Finanzas,1572861.6,1209797.98,13.0,67829.81,11002.17
2018-02-28,Scotiabank Perú,8085297.21,5472972.709999999,14.77,337026.48,84932.97
2018-02-28,Citibank,1159208.73,420925.15,27.54,58798.03,66941.8
2018-02-28,Interbank (con sucursales en el exterior),6320007.91,3865032.6,16.35,255061.81,50580.14
2018-02-28,Mibanco,1456842.78,981790.74,14.84,54186.11,7476.49
2018-02-28,B. GNB,765015.6,532505.38,14.37,40968.95,7608.65
2018-02-28,B. Falabella Perú,673583.47,381220.39,17.67,39338.28,4209.04
2018-02-28,B. Ripley,367449.84,252149.91,14.57,50429.98,1135.65
2018-02-28,B. Cencosud,158426.07,97579.1,16.24,19515.82,92.36
2018-02-28,B. ICBC,147975.5,31822.13,46.5,2435.37,5451.35
2019-02-28,B. Continental,9949316.07,6531665.85,15.23,453297.2,81822.3
2019-02-28,B. de Comercio,340970.15,262596.27,12.98,8162.67,1595.43
2019-02-28,B. de Crédito del Perú (con sucursales en el exterior),17092946.02,11983514.46,14.26,910359.47,204042.1
2019-02-28,B. Interamericano de Finanzas,1720237.05,1264553.85,13.6,72775.76,20164.72
2019-02-28,Scotiabank Perú,8694906.95,5966805.62,14.57,345643.33,101098.85
2019-02-28,Citibank,769583.98,441720.91000000003,17.42,55709.86,64846.09
2019-02-28,Interbank (con sucursales en el exterior),7001155.17,4560814.24,15.35,266824.7,66431.13
2019-02-28,Mibanco,1491530.48,1042599.5800000001,14.31,62444.29,8238.81
2019-02-28,B. GNB,812804.74,545914.84,14.89,40370.55,11095.69
2019-02-28,B. Falabella Perú,702974.14,403274.38,17.43,69131.91,764.74
2019-02-28,B. Ripley,370288.3,256719.49000000002,14.42,35398.16,1861.85
2019-02-28,B. Cencosud,195481.54,118685.0,16.47,23737.0,157.49
2019-02-28,B. ICBC,314835.56,80771.02,38.98,2928.85,15038.46
2020-02-29,B. BBVA Perú,11077745.39,7818249.7299999995,14.17,506307.25,115174.89
2020-02-29,B. de Comercio,381423.15,297849.73000000004,12.81,8837.12,329.83
2020-02-29,B. de Crédito del Perú (con sucursales en el exterior),19220044.51,13865111.16,13.86,971401.85,317592.98
2020-02-29,B. Interamericano de Finanzas,1927756.36,1398952.9000000001,13.78,75753.7,31479.11
2020-02-29,Scotiabank Perú,9406458.86,6726875.52,13.98,396052.23,150445.07
2020-02-29,Citibank,780340.95,447874.08999999997,17.42,57625.42,67213.37
2020-02-29,Interbank (con sucursales en el exterior),7735038.15,5201183.72,14.87,331058.12,83458.92
2020-02-29,Mibanco,1722038.16,1256485.77,13.71,132579.89,9864.15
2020-02-29,B. GNB,855944.93,553777.91,15.46,39786.15,9915.8
2020-02-29,B. Falabella Perú,725213.15,500139.00999999995,14.5,100027.8,4197.99
2020-02-29,B. Ripley,438429.17,289831.02,15.13,39816.99,1823.32
2020-02-29,B. ICBC,409553.99,106719.81,38.38,5056.95,15495.13
2021-02-28,B. BBVA Perú,11399095.25,7814016.44,14.59,550217.61,189506.44
2021-02-28,B. de Comercio,409781.3,292439.33999999997,14.01,9133.32,150.79
2021-02-28,B. de Crédito del Perú (con sucursales en el exterior),21282430.11,14267937.34,14.92,1143661.88,505968.12
2021-02-28,B. Interamericano de Finanzas,2046622.81,1466516.42,13.96,82968.42,42715.06
2021-02-28,Scotiabank Perú,10351721.71,6480080.62,15.97,415225.67,82007.62
2021-02-28,Citibank,993353.25,322546.56,30.8,54373.69,30043.63
2021-02-28,Interbank,8726009.93,5193579.15,16.8,347964.27,142293.44
2021-02-28,Mibanco,2454387.42,1238187.72,19.82,188961.03,19479.47
2021-02-28,B. GNB,845733.77,479056.39,17.65,37546.97,8899.96
2021-02-28,B. Falabella Perú,616253.15,494031.35,12.47,98759.53,4756.18
2021-02-28,B. Ripley,342832.3,266467.73,12.87,39435.4,677.87
2021-02-28,B. ICBC,445344.93,119159.21,37.37,6764.84,9097.35
2022-02-28,B. BBVA Perú,11813687.19,83997333.35,14.06,6116527.170000001,1558190.92
2022-02-28,B. de Comercio,425108.52,3352740.61,12.68,134342.21,199.73
2022-02-28,B. de Crédito del Perú (con sucursales en el exterior),22242836.2,149937977.2,14.83,13327707.470000003,2503007.32
2022-02-28,B. Interamericano de Finanzas,2141758.6,15676169.87,13.66,920435.16,39920.04
2022-02-28,Scotiabank Perú,10566143.81,75905590.20999998,13.92,4472859.85,678867.99
2022-02-28,Citibank,747655.85,3447778.3700000006,21.69,511847.89,451645.95
2022-02-28,Interbank,8717182.13,58104049.92,15.0,3776305.85,1353261.1
2022-02-28,Mibanco,2309782.66,14483141.71,15.95,1893800.0300000003,158242.86
2022-02-28,B. GNB,809870.94,5028767.8100000005,16.1,347730.91000000003,54187.55000000001
2022-02-28,B. Falabella Perú,911647.65,6137048.15,14.85,904342.83,57451.91
2022-02-28,B. Ripley,438688.13,3057187.92,14.35,371025.5,7042.350000000001
2022-02-28,Alfin Banco3/,41546.53,1439018.0899999999,2.89,239947.86,2676.15
2022-02-28,B. ICBC,448159.71,1362699.49,32.89,88142.66000000002,114332.66000000002
2023-02-28,B. BBVA Perú,14410374.28,87396631.42715,16.490000000000002,6768865.83292,1432621.3489400002
2023-02-28,B. de Comercio,437906.11,3582424.0156300003,12.22,249605.07737,421.67456
2023-02-28,B. de Crédito del Perú (con sucursales en el exterior),26274606.96,147257914.53367,17.84,14653142.38008,1518613.72152
2023-02-28,B. Interamericano de Finanzas,2352985.67,16292718.37544,14.44,1026411.98046,59073.4825
2023-02-28,Scotiabank Perú,11263258.47,76520724.33763999,14.72,4516279.35716,1734654.21147
2023-02-28,Citibank,1010515.41,4306264.30227,23.47,596541.97968,400653.49019
2023-02-28,Interbank,9644012.46,59881103.679249994,16.11,4651357.635729999,1064945.8202799999
2023-02-28,Mibanco,2740192.64,14552997.41205,18.830000000000002,1417345.62405,128341.73577
2023-02-28,B. GNB,822757.84,4776992.93594,17.22,324623.12558,45544.98539
2023-02-28,B. Falabella Perú,850699.8300000001,4497156.57766,18.92,478961.82535,48414.00962
2023-02-28,B. Ripley,352412.03,2143152.91165,16.44,351749.25114,3379.31558
2023-02-28,Alfin Banco,91979.38,888973.5997299999,10.35,155799.49686,3959.73259
2023-02-28,B. ICBC,515923.52,1614354.8286300004,31.96,119897.24506,69231.00313
2024-02-29,B. BBVA Perú,12.733684083944933,12.733684083944933,16.04185245621433,0.0,94386779.74352999
2024-02-29,B. de Crédito del Perú (con sucursales en el exterior),13.808293921730574,13.808293921730574,18.263074259541316,0.0,152088338.1192
2024-02-29,B. Interamericano de Finanzas,9.648939342869754,9.648939342869754,14.489824963191907,0.0,17615277.97924
2024-02-29,Scotiabank Perú,14.292237058149215,14.292237058149215,15.416412868885383,0.0,71196544.47358
2024-02-29,Citibank,25.25657996982104,25.25657996982104,25.645113950208696,0.0,4965679.11544
2024-02-29,Interbank,12.00116344857171,12.00116344857171,16.410724264233348,0.0,63146340.92257
2024-02-29,Mibanco,18.81441577569987,18.81441577569987,21.167808145031664,0.0,13895583.98208
2024-02-29,B. GNB,13.916989737078092,13.916989737078092,15.143625291238347,0.0,5253021.67049
2024-02-29,B. Falabella Perú,18.10483110089099,18.10483110089099,18.8756529918444,0.0,4211281.63648
2024-02-29,B. Ripley,15.515135155963748,15.515135155963748,15.553774227851648,0.0,1883326.9175200001
2024-02-29,Alfin Banco,10.978916895128735,10.978916895128735,13.486734838928555,0.0,986845.30193
2024-02-29,B. ICBC,34.16236175675008,34.16236175675008,39.76749836635612,0.0,1456238.5029300002
2025-02-28,B. BBVA Perú,13.380752236619125,13.380752236619125,16.53429273181124,0.0,98349013.12986
2025-02-28,B. de Crédito del Perú (con sucursales en el exterior),13.729547280834865,13.729547280834865,19.21987748008622,0.0,162659953.19221
2025-02-28,B. Interamericano de Finanzas,10.553356534906449,10.553356534906449,15.2281254230037,0.0,17854599.878179997
2025-02-28,Scotiabank Perú,17.169646719827217,17.169646719827217,18.184203956196942,0.0,67337122.6917
2025-02-28,Citibank,25.9423260784136,25.9423260784136,26.244179734866414,0.0,4878579.44619
2025-02-28,Interbank,12.265999719597257,12.265999719597257,17.90492474493855,0.0,64143033.34523
2025-02-28,Mibanco,17.44546763376615,17.44546763376615,19.786819421857864,0.0,13400589.629560001
2025-02-28,B. GNB,13.99813729435733,13.99813729435733,14.970598306424746,0.0,5540209.90418
2025-02-28,B. Falabella Perú,21.079662792605916,21.079662792605916,22.117224211859156,0.0,4459051.78092
2025-02-28,B. Ripley,17.77354916043236,17.77354916043236,17.99562968662904,0.0,1721807.9699399997
2025-02-28,Alfin Banco,8.327608816906103,8.327608816906103,13.87934802817684,0.0,1007945.4949999999
2025-02-28,B. ICBC,36.21056506009969,36.21056506009969,41.486187435067976,0.0,1497320.15169
2018-07-31,B. Continental,9525382.55,6401377.93,14.88,451233.48,65289.26
2018-07-31,B. de Comercio,309329.14,244341.27000000002,12.66,7935.23,1659.15
2018-07-31,B. de Crédito del Perú (con sucursales en el exterior),17438989.16,11451581.85,15.23,891622.15,124524.67
2018-07-31,B. Financiero,1089510.82,893535.5900000001,12.19,44731.55,1571.91
2018-07-31,B. Interamericano de Finanzas,1593271.34,1223945.13,13.02,69969.32,11576.15
2018-07-31,Scotiabank Perú,8389250.84,5760310.089999999,14.56,347879.31,74168.76
2018-07-31,Citibank,767107.2,440822.91000000003,17.4,58091.9,67313.66
2018-07-31,Interbank (con sucursales en el exterior),6898798.45,4152855.86,16.61,261488.59,58035.02
2018-07-31,Mibanco,1496332.49,1012384.18,14.78,57618.5,7935.79
2018-07-31,B. GNB,765997.77,523986.24,14.62,41132.2,11605.49
2018-07-31,B. Falabella Perú,678915.23,405742.56,16.73,68839.87,1296.73
2018-07-31,B. Ripley,367597.35,250691.91,14.66,50138.38,2492.47
2018-07-31,B. Cencosud,182073.71,107771.45000000001,16.89,21554.29,2.6
2018-07-31,B. ICBC,312328.18,56190.780000000006,55.58,2606.54,16042.02
2019-07-31,B. BBVA Perú,10292138.2,7124825.930000001,14.45,465362.15,120515.96
2019-07-31,B. de Comercio,366917.08,278584.56000000006,13.17,8421.02,45.52
2019-07-31,B. de Crédito del Perú (con sucursales en el exterior),19180511.78,12925773.37,14.84,940371.06,265996.94
2019-07-31,B. Interamericano de Finanzas,1752769.72,1303308.8699999999,13.45,68005.9,27338.47
2019-07-31,Scotiabank Perú,8723781.8,6520144.68,13.38,374083.39,68419.76
2019-07-31,Citibank,783342.36,455375.56,17.2,59087.37,58583.83
2019-07-31,Interbank (con sucursales en el exterior),7548188.86,4718127.81,16.0,278241.51,69804.18
2019-07-31,Mibanco,1683091.13,1083887.54,15.53,66274.45,9906.89
2019-07-31,B. GNB,822927.78,562094.6699999999,14.64,40233.47,9500.48
2019-07-31,B. Falabella Perú,721409.2,447253.37,16.13,89450.67,1675.32
2019-07-31,B. Ripley,434893.84,260085.28999999998,16.72,35901.28,2222.83
2019-07-31,B. ICBC,324722.7,78620.54,41.3,3714.34,8132.09
2020-07-31,B. BBVA Perú,11216613.09,7867297.22,14.26,518362.21,168142.17
2020-07-31,B. de Comercio,411680.61,293664.86000000004,14.02,8955.13,282.64
2020-07-31,B. de Crédito del Perú (con sucursales en el exterior),21474639.33,14213121.42,15.11,982372.18,377430.34
2020-07-31,B. Interamericano de Finanzas,1956274.9,1387161.8900000001,14.1,79227.05,38386.53
2020-07-31,Scotiabank Perú,10111924.04,6660968.73,15.18,406973.61,96787.51
2020-07-31,Citibank,994042.55,425719.9,23.35,57609.3,34762.57
2020-07-31,Interbank (con sucursales en el exterior),8763741.85,5322754.2700000005,16.46,341127.84,141523.24
2020-07-31,Mibanco,2084258.39,1213851.16,17.17,193280.93,15580.95
2020-07-31,B. GNB,863533.54,510553.87000000005,16.91,38880.46,8629.38
2020-07-31,B. Falabella Perú,687523.07,433069.79000000004,15.88,86613.96,5433.3
2020-07-31,B. Ripley,427829.11,262655.32999999996,16.29,39914.31,992.55
2020-07-31,B. ICBC,412651.66,120696.97,34.19,5380.93,12084.25
2021-07-31,B. BBVA Perú,11845538.38,81676580.96999997,14.5,5830089.130000001,1271555.8000000003
2021-07-31,B. de Comercio,423989.8,3027569.35,14.0,132052.32,1431.6200000000001
2021-07-31,B. de Crédito del Perú (con sucursales en el exterior),22829910.48,150822076.04000002,15.14,11886210.720000003,3305958.6100000003
2021-07-31,B. Interamericano de Finanzas,2103327.38,15514227.440000001,13.56,873088.7400000001,129636.87
2021-07-31,Scotiabank Perú,10787509.5,73960861.98000002,14.59,4303925.49,823803.82
2021-07-31,Citibank,746602.15,3229440.9400000004,23.12,524316.31,209375.47000000003
2021-07-31,Interbank,9136829.85,56061386.84,16.3,3612311.4100000006,1438881.46
2021-07-31,Mibanco,2214267.62,13054544.46,16.96,1873961.47,195271.15000000002
2021-07-31,B. GNB,852378.49,4811422.210000001,17.72,364319.9,77471.19
2021-07-31,B. Falabella Perú,769420.33,5716596.46,13.46,946078.6300000001,34359.52
2021-07-31,B. Ripley,394972.86,2762452.5500000003,14.3,384855.92,11241.450000000003
2021-07-31,B. ICBC,455478.05,1421531.76,32.04,78385.44,102098.9
2022-07-31,B. BBVA Perú,12685534.48,89382273.75999999,14.19,6343456.52,1570219.05
2022-07-31,B. de Comercio,443183.03,3497936.54,12.67,174984.37000000002,401.84000000000003
2022-07-31,B. de Crédito del Perú (con sucursales en el exterior),24263072.86,161548398.08,15.02,13765489.02,2008701.4300000002
2022-07-31,B. Interamericano de Finanzas,2205991.19,16789047.23,13.14,992077.3700000001,25410.9
2022-07-31,Scotiabank Perú,10652222.51,77043730.73000002,13.83,4464245.03,936986.8400000001
2022-07-31,Citibank,860843.86,3576220.54,24.07,528600.05,311410.78
2022-07-31,Interbank,9315685.11,62044692.60999999,15.01,4433615.37,1224190.23
2022-07-31,Mibanco,2320964.97,15848913.879999999,14.64,1937796.6600000001,114555.43000000002
2022-07-31,B. GNB,852156.35,5364840.62,15.88,340724.04000000004,42199.28
2022-07-31,B. Falabella Perú,946657.01,6220212.97,15.22,466781.4600000001,26524.07
2022-07-31,B. Ripley,447956.08,3121303.0900000003,14.35,361339.2200000001,2707.7300000000005
2022-07-31,Alfin Banco,64201.79,1498708.4400000002,4.28,249886.07000000004,2431.81
2022-07-31,B. ICBC,468870.7,1508150.89,31.09,98871.21,98967.16
2023-07-31,B. BBVA Perú,12.287374491116775,12.287374491116775,15.78615320713066,0.0,90423055.8585
2023-07-31,B. de Comercio,10.797140202819012,10.797140202819012,12.254406721665807,0.0,3508851.8298600004
2023-07-31,B. de Crédito del Perú (con sucursales en el exterior),12.960141762982202,12.960141762982202,17.374581866029935,0.0,147270344.48223
2023-07-31,B. Interamericano de Finanzas,9.744252591832712,9.744252591832712,14.632666741377761,0.0,16556847.154849999
2023-07-31,Scotiabank Perú,13.330532782223614,13.330532782223614,14.498072961873792,0.0,75001785.51584
2023-07-31,Citibank,30.426415368998516,30.426415368998516,30.87697692143711,0.0,4150192.1994999996
2023-07-31,Interbank,11.458054055278573,11.458054055278573,15.211745096957067,0.0,62705689.43790001
2023-07-31,Mibanco,16.84496926650776,16.84496926650776,19.145372626671794,0.0,14866143.49166
2023-07-31,B. GNB,16.411834903233927,16.411834903233927,17.910456262984955,0.0,4566202.230690001
2023-07-31,B. Falabella Perú,17.40638453741773,17.40638453741773,18.15768902304545,0.0,4478271.00407
2023-07-31,B. Ripley,17.488825859164923,17.488825859164923,17.500952097754556,0.0,2159284.7087000003
2023-07-31,Alfin Banco,9.139128577821557,9.139128577821557,9.206601061032796,0.0,970262.3198299999
2023-07-31,B. ICBC,31.393963289332948,31.393963289332948,36.96199930043794,0.0,1445847.4104400002
2024-07-31,B. BBVA Perú,12.308058689352682,12.308058689352682,16.06815197574966,0.0,96294331.37101
2024-07-31,B. de Crédito del Perú (con sucursales en el exterior),12.414281578955972,12.414281578955972,16.698806453269626,0.0,157046069.84800997
2024-07-31,B. Interamericano de Finanzas,9.757757384287515,9.757757384287515,14.376174910246062,0.0,17892515.79986
2024-07-31,Scotiabank Perú,14.696271999323368,14.696271999323368,15.651246979520153,0.0,69028870.36873999
2024-07-31,Citibank,25.299849321613475,25.299849321613475,25.637863531448733,0.0,5631026.64329
2024-07-31,Interbank,11.735814538709716,11.735814538709716,15.43608352962296,0.0,63082982.37167999
2024-07-31,Mibanco,17.287058125735104,17.287058125735104,19.647867701815372,0.0,13230428.14975
2024-07-31,B. GNB,13.749356285963255,13.749356285963255,14.829160236438844,0.0,5304374.156529999
2024-07-31,B. Falabella Perú,19.740136223173057,19.740136223173057,20.480120830600782,0.0,4259782.0603
2024-07-31,B. Ripley,16.017077880187095,16.017077880187095,16.089367708469933,0.0,1660344.4340400002
2024-07-31,Alfin Banco,11.882964085980644,11.882964085980644,16.62619222390495,0.0,917620.3239099999
2024-07-31,B. ICBC,31.702594019935603,31.702594019935603,36.78034743127373,0.0,1602399.8287699998
2025-07-31,B. BBVA Perú,12.762438743190287,12.762438743190287,15.76098213074499,0.0,103917442.62532
2025-07-31,B. de Crédito del Perú (con sucursales en el exterior),12.35736713495415,12.35736713495415,17.43230800902906,0.0,165675640.48764998
2025-07-31,B. Interamericano de Finanzas,10.644469979154325,10.644469979154325,15.110685387311488,0.0,18704396.385039996
2025-07-31,Scotiabank Perú,16.91961189364038,16.91961189364038,20.055868531458955,0.0,67250706.46457
2025-07-31,Citibank,24.387557593281745,24.387557593281745,24.664280955214114,0.0,5820553.16663
2025-07-31,Interbank,11.730452759919395,11.730452759919395,15.48712854997257,0.0,68502019.60251
2025-07-31,Mibanco,16.723579041995183,16.723579041995183,19.837198619340235,0.0,13355229.67567
2025-07-31,B. GNB,13.52406603360623,13.52406603360623,14.481137696569146,0.0,5884502.02416
2025-07-31,B. Falabella Perú,22.73596359022843,22.73596359022843,23.774729034997147,0.0,4632132.44721
2025-07-31,B. Ripley,18.634162165191448,18.634162165191448,18.83853647964805,0.0,1803651.48729
2025-07-31,Alfin Banco,8.44758335126454,8.44758335126454,13.6397054057971,0.0,1195773.80357
2025-07-31,B. ICBC,32.707966137199314,32.707966137199314,37.48986147094583,0.0,1693798.5332
2018-06-30,B. Continental,9528310.15,6444028.82,14.79,450762.23,69800.43
2018-06-30,B. de Comercio,304747.76,245761.94,12.4,7891.41,2097.8
2018-06-30,B. de Crédito del Perú (con sucursales en el exterior),17437194.34,11568102.680000002,15.07,888533.33,111813.21
2018-06-30,B. Financiero,1083688.48,890398.01,12.17,44577.15,1330.32
2018-06-30,B. Interamericano de Finanzas,1598900.55,1257797.09,12.71,69514.09,16195.51
2018-06-30,Scotiabank Perú,8407063.65,5731357.17,14.67,345691.26,81285.25
2018-06-30,Citibank,765944.01,457492.63,16.74,58014.45,57841.31
2018-06-30,Interbank (con sucursales en el exterior),6909235.03,4143042.1800000006,16.68,260664.26,54047.97
2018-06-30,Mibanco,1496629.71,1012179.5099999999,14.79,56949.97,5981.58
2018-06-30,B. GNB,765758.41,523963.77999999997,14.61,41131.35,10548.14
2018-06-30,B. Falabella Perú,680604.1,418070.37,16.28,68705.36,2499.68
2018-06-30,B. Ripley,367577.78,250136.65999999997,14.7,50027.33,2193.62
2018-06-30,B. Cencosud,181951.38,107571.71999999999,16.91,21514.34,22.54
2018-06-30,B. ICBC,311746.16,48913.45,63.73,2550.64,17628.18
2019-06-30,B. BBVA Perú,10265848.84,7050022.08,14.56,462847.87,98977.27
2019-06-30,B. de Comercio,363719.0,269450.45999999996,13.5,8367.76,633.58
2019-06-30,B. de Crédito del Perú (con sucursales en el exterior),19137834.7,12802373.930000002,14.95,932742.74,270143.63
2019-06-30,B. Interamericano de Finanzas,1736763.07,1249864.61,13.9,67266.05,26780.49
2019-06-30,Scotiabank Perú,8737211.54,6282879.180000001,13.91,361777.53,94696.65
2019-06-30,Citibank,784235.26,479631.47,16.35,58569.08,72462.98
2019-06-30,Interbank (con sucursales en el exterior),7424767.96,4618618.250000001,16.08,274777.11,66425.15
2019-06-30,Mibanco,1613729.74,1085998.98,14.86,65570.89,9583.74
2019-06-30,B. GNB,819184.75,561479.29,14.59,40134.29,9980.34
2019-06-30,B. Falabella Perú,710900.8,446454.07,15.92,89290.81,2754.63
2019-06-30,B. Ripley,435440.81,261617.46999999997,16.64,35785.64,2554.8
2019-06-30,B. ICBC,324098.58,74966.95,43.23,3721.0,6199.14
2020-06-30,B. BBVA Perú,11242031.77,7990132.21,14.07,513889.37,175019.07
2020-06-30,B. de Comercio,405869.64,293809.22,13.81,8935.62,240.29
2020-06-30,B. de Crédito del Perú (con sucursales en el exterior),21027190.24,14207106.34,14.8,977764.17,401062.65
2020-06-30,B. Interamericano de Finanzas,1957114.81,1410192.52,13.88,78414.21,35427.35
2020-06-30,Scotiabank Perú,10081810.89,6743361.069999999,14.95,405531.17,88502.8
2020-06-30,Citibank,993931.62,419781.35,23.68,57432.34,49023.73
2020-06-30,Interbank (con sucursales en el exterior),7712932.7,5255222.380000001,14.68,337633.45,138485.69
2020-06-30,Mibanco,2096473.18,1315483.7899999998,15.94,194185.48,16048.38
2020-06-30,B. GNB,862300.45,528782.3,16.31,39062.55,9318.91
2020-06-30,B. Falabella Perú,693244.99,430678.67,16.1,86135.73,5884.15
2020-06-30,B. Ripley,431861.07,268348.99,16.09,39837.84,1198.25
2020-06-30,B. ICBC,412136.09,117178.42,35.17,5278.53,11228.03
2021-06-30,B. BBVA Perú,11715591.53,80309437.48,14.59,5744812.84,1531632.01
2021-06-30,B. de Comercio,423009.42,3026821.9200000004,13.98,131781.18,2113.74
2021-06-30,B. de Crédito del Perú (con sucursales en el exterior),22539343.1,146936014.31,15.34,11794651.6,3127460.2600000002
2021-06-30,B. Interamericano de Finanzas,2084452.33,15456714.620000001,13.49,862599.48,386797.45
2021-06-30,Scotiabank Perú,10628257.92,69178424.98000002,15.36,4264005.89,1407186.6100000003
2021-06-30,Citibank,745990.04,3569108.3500000006,20.9,524871.3300000001,374910.5
2021-06-30,Interbank,9015841.25,54664453.05,16.49,3571466.8,1460777.64
2021-06-30,Mibanco,2191781.4,12703309.009999998,17.25,1870294.36,170320.43000000002
2021-06-30,B. GNB,844107.92,4808589.529999999,17.55,366202.77,81721.06
2021-06-30,B. Falabella Perú,770160.17,5238877.52,14.7,874854.4300000002,40996.06
2021-06-30,B. Ripley,334104.28,2692852.15,12.41,387119.1,8359.15
2021-06-30,B. ICBC,451883.64,1348404.36,33.51,76146.47,96627.02000000002
2022-06-30,B. BBVA Perú,12600590.07,87782466.0,14.35,6293348.130000001,1533840.29
2022-06-30,B. de Comercio,442375.94,3482725.5199999996,12.7,174700.5,769.8400000000001
2022-06-30,B. de Crédito del Perú (con sucursales en el exterior),24095761.42,158176423.55,15.23,13675126.76,1868920.65
2022-06-30,B. Interamericano de Finanzas,2179344.76,16559234.34,13.16,989447.3300000001,82973.1
2022-06-30,Scotiabank Perú,10625589.79,76402618.85000001,13.91,4466663.27,630462.83
2022-06-30,Citibank,859454.57,4169546.0500000003,20.61,521657.77,439487.13
2022-06-30,Interbank,9189366.99,60267698.75,15.25,3872707.16,1206730.67
2022-06-30,Mibanco,2318593.69,15638132.2,14.83,1927452.33,105570.19
2022-06-30,B. GNB,850693.6,5356132.46,15.88,343483.58,52005.380000000005
2022-06-30,B. Falabella Perú,947589.27,6568224.78,14.43,903939.4500000001,36043.56
2022-06-30,B. Ripley,428621.77,3108190.92,13.79,363625.25,1942.0000000000002
2022-06-30,Alfin Banco,62624.71,1483756.0099999998,4.22,247503.57000000004,5061.65
2022-06-30,B. ICBC,464226.93,1417794.09,32.74,95530.35000000002,125363.71
2023-06-30,B. BBVA Perú,12.147680530290533,12.147680530290533,15.660210604964462,0.0,90289952.50692
2023-06-30,B. de Comercio,10.778923904752414,10.778923904752414,12.249240168148381,0.0,3537671.01524
2023-06-30,B. de Crédito del Perú (con sucursales en el exterior),12.752803444272242,12.752803444272242,17.201854577630268,0.0,146627555.46809
2023-06-30,B. Interamericano de Finanzas,9.596020072575579,9.596020072575579,14.102299714642639,0.0,16573064.181480002
2023-06-30,Scotiabank Perú,13.17512196464858,13.17512196464858,14.355271514349512,0.0,75480652.60680999
2023-06-30,Citibank,29.42211705952211,29.42211705952211,29.877521506783562,0.0,4093965.4447399997
2023-06-30,Interbank,11.40554655499396,11.40554655499396,15.214347028569405,0.0,62359787.84378
2023-06-30,Mibanco,16.49830844738948,16.49830844738948,18.787272855814756,0.0,15024306.701770002
2023-06-30,B. GNB,16.35921394116621,16.35921394116621,17.856601928551132,0.0,4576323.703930001
2023-06-30,B. Falabella Perú,17.280491971818847,17.280491971818847,18.025396876970113,0.0,4492299.71055
2023-06-30,B. Ripley,17.44936101298121,17.44936101298121,17.48485834308982,0.0,2195179.33522
2023-06-30,Alfin Banco,9.294126483070043,9.294126483070043,9.717164711338238,0.0,953318.15699
2023-06-30,B. ICBC,31.700506087882342,31.700506087882342,37.36468725186986,0.0,1422741.21688
2024-06-30,B. BBVA Perú,12.094567945663853,12.094567945663853,15.938616393668775,0.0,96314269.63130999
2024-06-30,B. de Crédito del Perú (con sucursales en el exterior),11.898968278453657,11.898968278453657,16.240168628735685,0.0,159442713.74708
2024-06-30,B. Interamericano de Finanzas,9.493743974300957,9.493743974300957,14.116662550473544,0.0,18124878.469869997
2024-06-30,Scotiabank Perú,13.690884700273259,13.690884700273259,14.669107143651908,0.0,73167156.10584
2024-06-30,Citibank,21.34618079080326,21.34618079080326,21.66237165966458,0.0,6483947.666359999
2024-06-30,Interbank,11.249173742847967,11.249173742847967,14.975264039531961,0.0,64741739.31543
2024-06-30,Mibanco,16.624327826756332,16.624327826756332,18.948379236262404,0.0,13645422.069140002
2024-06-30,B. GNB,13.464153085010441,13.464153085010441,14.534122360964128,0.0,5388987.57456
2024-06-30,B. Falabella Perú,18.30627172854973,18.30627172854973,19.01920087733406,0.0,4430458.649809999
2024-06-30,B. Ripley,14.666930619517002,14.666930619517002,14.723118335558466,0.0,1780318.1293099998
2024-06-30,Alfin Banco,11.388153296693087,11.388153296693087,16.09404727811831,0.0,956070.32534
2024-06-30,B. ICBC,33.45487304478284,33.45487304478284,38.89081258790125,0.0,1511988.76491
2025-06-30,B. BBVA Perú,12.726443667535946,12.726443667535946,15.73837551361943,0.0,102226519.14497
2025-06-30,B. de Crédito del Perú (con sucursales en el exterior),12.241740914882145,12.241740914882145,17.334581257170893,0.0,163170342.69436002
2025-06-30,B. Interamericano de Finanzas,10.455003994224116,10.455003994224116,14.890233208504883,0.0,18743039.57143
2025-06-30,Scotiabank Perú,16.735633313504064,16.735633313504064,17.748137556618985,0.0,67574560.42403
2025-06-30,Citibank,29.581874338709486,29.581874338709486,29.93105324033307,0.0,4768280.73578
2025-06-30,Interbank,11.657245031560889,11.657245031560889,16.862040665214995,0.0,67972821.12719001
2025-06-30,Mibanco,16.478411930703526,16.478411930703526,19.607710062475476,0.0,13253200.204389999
2025-06-30,B. GNB,13.667254690627969,13.667254690627969,14.566084296944965,0.0,5779203.45531
2025-06-30,B. Falabella Perú,22.174071245635695,22.174071245635695,23.207674896838082,0.0,4624957.6766800005
2025-06-30,B. Ripley,18.316784275150468,18.316784275150468,18.49584377805221,0.0,1790857.3801
2025-06-30,Alfin Banco,8.436135820947145,8.436135820947145,13.566044152861975,0.0,1179647.38478
2025-06-30,B. ICBC,33.53620477158613,33.53620477158613,38.34074828209103,0.0,1644700.1848900001
2018-05-31,B. Continental,9502751.38,6359550.319999999,14.94,450718.05,100590.76
2018-05-31,B. de Comercio,305534.97,245107.77000000002,12.47,7852.76,2007.82
2018-05-31,B. de Crédito del Perú (con sucursales en el exterior),17422710.73,11142647.47,15.64,886033.52,126430.88
2018-05-31,B. Financiero,1078405.16,877366.5199999999,12.29,44449.07,2109.46
2018-05-31,B. Interamericano de Finanzas,1597826.67,1249002.11,12.79,69098.27,16303.97
2018-05-31,Scotiabank Perú,8426250.08,5667506.24,14.87,343493.39,62412.37
2018-05-31,Citibank,765096.68,419672.66,18.23,57216.07,47092.98
2018-05-31,Interbank (con sucursales en el exterior),6938748.75,4077369.05,17.02,260026.13,46324.54
2018-05-31,Mibanco,1496528.04,1011591.57,14.79,56255.13,6925.36
2018-05-31,B. GNB,766094.57,520098.21,14.73,41126.62,8932.63
2018-05-31,B. Falabella Perú,680488.72,413269.46,16.47,68524.77,1623.66
2018-05-31,B. Ripley,367437.86,249278.6,14.74,49855.72,2674.57
2018-05-31,B. Cencosud,181868.01,105408.52,17.25,21081.7,30.58
2018-05-31,B. ICBC,310195.75,51476.86,60.26,2510.68,22801.16
2019-05-31,B. BBVA Perú*,10287798.28,6970771.4399999995,14.76,462082.07,115966.81
2019-05-31,B. de Comercio,361952.24,270059.72,13.4,8329.41,1600.77
2019-05-31,B. de Crédito del Perú (con sucursales en el exterior),19257686.8,12610334.819999998,15.27,926784.35,219346.19
2019-05-31,B. Interamericano de Finanzas,1763737.48,1291929.5,13.65,74545.48,23147.1
2019-05-31,Scotiabank Perú,8789718.74,6261498.13,14.04,357808.13,99461.66
2019-05-31,Citibank,784337.09,476015.39,16.48,58378.53,72195.1
2019-05-31,Interbank (con sucursales en el exterior),7498224.61,4620059.11,16.23,271843.15,55369.08
2019-05-31,Mibanco,1613621.71,1082578.75,14.91,64832.72,8067.84
2019-05-31,B. GNB,820934.06,555787.1,14.77,40169.7,10034.92
2019-05-31,B. Falabella Perú,710559.36,444914.02,15.97,88982.8,4633.44
2019-05-31,B. Ripley,370581.56,261763.4,14.16,35698.0,2124.05
2019-05-31,B. ICBC,325410.49,84648.34000000001,38.44,3465.99,11528.91
2020-05-31,B. BBVA Perú,11162572.47,7862286.26,14.2,511023.03,161449.3
2020-05-31,B. de Comercio,402137.17,294851.05,13.64,8908.72,216.08
2020-05-31,B. de Crédito del Perú (con sucursales en el exterior),20911019.57,14280607.81,14.64,973997.55,374321.7
2020-05-31,B. Interamericano de Finanzas,1967999.49,1417660.91,13.88,77776.68,39775.8
2020-05-31,Scotiabank Perú,10146091.7,6817923.7299999995,14.88,403129.95,105650.1
2020-05-31,Citibank,995011.64,399912.02,24.88,57585.14,36023.03
2020-05-31,Interbank (con sucursales en el exterior),7704218.61,5224955.66,14.75,335120.14,129122.49
2020-05-31,Mibanco,2096636.57,1317963.31,15.91,194796.28,13090.27
2020-05-31,B. GNB,859553.53,536782.54,16.01,39198.74,8542.55
2020-05-31,B. Falabella Perú,716761.12,442794.46,16.19,88558.89,3638.09
2020-05-31,B. Ripley,435635.93,273639.44,15.92,39920.53,1666.43
2020-05-31,B. ICBC,409734.76,107451.13,38.13,5545.63,9053.49
2021-05-31,B. BBVA Perú,11688707.52,80796272.91,14.47,5647709.4,1471500.5500000003
2021-05-31,B. de Comercio,422941.49,2962891.0200000005,14.27,92375.22,1276.49
2021-05-31,B. de Crédito del Perú (con sucursales en el exterior),22422377.37,144598647.10999998,15.51,11695154.64,4476820.77
2021-05-31,B. Interamericano de Finanzas,2069390.16,15508486.620000001,13.34,851161.1700000002,518421.73000000004
2021-05-31,Scotiabank Perú,10728557.39,69313597.89,15.48,4212978.23,1091743.06
2021-05-31,Citibank,940545.59,3366233.26,27.94,532283.86,395947.31
2021-05-31,Interbank,9010124.52,54648634.54000001,16.49,3527936.5500000003,1586826.71
2021-05-31,Mibanco,2176482.77,12734650.639999999,17.09,1871286.42,189170.75
2021-05-31,B. GNB,843862.62,4800124.369999999,17.58,368972.85,87243.96
2021-05-31,B. Falabella Perú,686367.46,5170451.49,13.27,863753.4600000001,48276.90000000001
2021-05-31,B. Ripley,336571.6,2690899.0900000003,12.51,389173.98,11415.870000000003
2021-05-31,B. ICBC,450356.71,1322324.08,34.06,73225.72,98750.32
2022-05-31,B. BBVA Perú,12491317.31,86172610.24000001,14.5,6240168.66,1550263.5700000003
2022-05-31,B. de Comercio,437909.75,3491883.1500000004,12.54,174410.54,404.37000000000006
2022-05-31,B. de Crédito del Perú (con sucursales en el exterior),23861145.94,153067917.04,15.59,13572781.630000003,2271425.04
2022-05-31,B. Interamericano de Finanzas,2157203.37,16134202.180000003,13.37,928278.6800000002,27134.83
2022-05-31,Scotiabank Perú,10681555.0,74996168.76,14.24,4474251.09,490149.8300000001
2022-05-31,Citibank,860661.88,3625166.79,23.74,516185.84,275307.24
2022-05-31,Interbank,9059730.53,59369126.2,15.26,3849943.7800000003,1226770.32
2022-05-31,Mibanco,2322489.89,15461167.65,15.02,1915301.1,128630.57
2022-05-31,B. GNB,847703.62,5172408.049999999,16.39,344337.2,52730.270000000004
2022-05-31,B. Falabella Perú,937214.78,6538449.49,14.33,903758.7900000002,42305.98000000001
2022-05-31,B. Ripley,432063.47,3114107.8299999996,13.87,366001.4000000001,1045.2600000000002
2022-05-31,Alfin Banco,64150.76,1460358.0100000002,4.39,243507.05000000002,2737.22
2022-05-31,B. ICBC,455348.68,1438454.62,31.66,91172.2,116184.10000000002
2023-05-31,B. BBVA Perú,13938479.48,89746065.10204,15.53,7020675.7472,2037862.4892
2023-05-31,B. de Comercio,436471.71,3558831.2628600006,12.26,247672.25590000002,999.3782
2023-05-31,B. de Crédito del Perú (con sucursales en el exterior),24770619.99,147149432.07424998,16.83,15236223.84691,1997866.23981
2023-05-31,B. Interamericano de Finanzas,2322796.6,16273106.37332,14.27,1044431.1244,192821.3463
2023-05-31,Scotiabank Perú,10863202.46,75402000.83696999,14.41,4558306.431100001,1592009.6257
2023-05-31,Citibank,1169440.78,4313737.754939999,27.11,636361.1916,524575.9868
2023-05-31,Interbank,9436153.15,62077745.49107,15.2,4808628.584,1175324.1756
2023-05-31,Mibanco,2803119.31,14971068.56109,18.72,1453246.173,143798.3183
2023-05-31,B. GNB,817011.79,4608352.437939999,17.73,320429.89660000004,58403.6586
2023-05-31,B. Falabella Perú,823137.18,4479476.77283,18.38,499471.90030000004,35650.146799999995
2023-05-31,B. Ripley,395725.43,2184182.45136,18.12,356154.51386,8642.3525
2023-05-31,Alfin Banco,91849.13,936370.3042499999,9.81,172048.25537,3031.7751000000003
2023-05-31,B. ICBC,526431.17,1494588.57623,35.22,123658.5092,73588.442
2024-05-31,B. BBVA Perú,12.260734298916603,12.260734298916603,16.093006296509728,0.0,94412769.72666
2024-05-31,B. de Crédito del Perú (con sucursales en el exterior),11.873665577477752,11.873665577477752,16.199851878660326,0.0,156206661.82674
2024-05-31,B. Interamericano de Finanzas,9.64240358318457,9.64240358318457,14.326214386008862,0.0,17621614.40592
2024-05-31,Scotiabank Perú,14.040951498321983,14.040951498321983,15.161531921226201,0.0,70399708.47603
2024-05-31,Citibank,26.32188484331265,26.32188484331265,26.733895063158776,0.0,5067755.46203
2024-05-31,Interbank,11.433751062163504,11.433751062163504,15.164190856251231,0.0,62904852.44466999
2024-05-31,Mibanco,16.14851112672986,16.14851112672986,18.503716832270662,0.0,13793929.088459998
2024-05-31,B. GNB,13.47339714556986,13.47339714556986,14.551127684923951,0.0,5352883.6262
2024-05-31,B. Falabella Perú,18.427250923595782,18.427250923595782,19.176373837847965,0.0,4252848.27993
2024-05-31,B. Ripley,15.271359174672373,15.271359174672373,15.273196572132154,0.0,1751934.54621
2024-05-31,Alfin Banco,10.979312936067855,10.979312936067855,14.296474813372376,0.0,990286.15652
2024-05-31,B. ICBC,36.11455740165218,36.11455740165218,41.89034626539499,0.0,1391729.9739599999
2025-05-31,B. BBVA Perú,12.52205331762568,12.52205331762568,15.579806563776428,0.0,101918327.68180001
2025-05-31,B. de Crédito del Perú (con sucursales en el exterior),11.813076658772703,11.813076658772703,18.871917279261645,0.0,163804772.12735
2025-05-31,B. Interamericano de Finanzas,10.54683197451953,10.54683197451953,15.125526189501215,0.0,18199154.150820002
2025-05-31,Scotiabank Perú,16.577393319744115,16.577393319744115,17.58433771380655,0.0,67105361.089590006
2025-05-31,Citibank,30.025842955306253,30.025842955306253,30.40168623854904,0.0,4497821.62795
2025-05-31,Interbank,11.691997402057265,11.691997402057265,17.081141509338178,0.0,66514953.48643
2025-05-31,Mibanco,16.176351251805634,16.176351251805634,19.35490911815763,0.0,13204513.003449999
2025-05-31,B. GNB,13.521774020346161,13.521774020346161,14.393343537894543,0.0,5816294.69857
2025-05-31,B. Falabella Perú,22.021989933893632,22.021989933893632,23.054576328633203,0.0,4559328.150760001
2025-05-31,B. Ripley,17.750184446239572,17.750184446239572,17.969811964978927,0.0,1807410.23923
2025-05-31,Alfin Banco,8.118659586038438,8.118659586038438,13.350586082033924,0.0,1179978.3136
2025-05-31,B. ICBC,33.94480804268398,33.94480804268398,38.882728509867945,0.0,1614610.3382800003
2018-11-30,B. Continental,9659782.41,6676924.12,14.47,450384.4,78225.34
2018-11-30,B. de Comercio,332181.05,257386.58000000002,12.91,8064.34,1570.95
2018-11-30,B. de Crédito del Perú (con sucursales en el exterior),17697112.75,12193956.2,14.51,898793.86,193781.93
2018-11-30,B. Interamericano de Finanzas,1633253.71,1247291.3200000003,13.09,71541.38,15428.83
2018-11-30,Scotiabank Perú,8310338.48,5883319.54,14.13,343307.34,81929.05
2018-11-30,Citibank,769905.01,412616.04,18.66,56783.62,48078.19
2018-11-30,Interbank (con sucursales en el exterior),7029037.22,4336613.32,16.21,262827.26,51814.17
2018-11-30,Mibanco,1496703.45,1016505.1499999999,14.72,60450.22,7538.2
2018-11-30,B. GNB,770247.5,548077.02,14.05,40783.18,11470.92
2018-11-30,B. Falabella Perú,703322.23,405668.83,17.34,69098.61,1380.76
2018-11-30,B. Ripley,369177.85,247651.13,14.91,34919.75,1642.62
2018-11-30,B. Cencosud,182753.96,117836.59,15.51,23567.32,90.52
2018-11-30,B. ICBC,314785.41,64711.21,48.64,2910.26,13806.21
2019-11-30,B. BBVA Perú,10824936.97,7754760.33,13.96,499777.33,120514.77
2019-11-30,B. de Comercio,380314.28,284304.43,13.38,8643.54,201.18
2019-11-30,B. de Crédito del Perú (con sucursales en el exterior),19487790.14,13396557.870000001,14.55,956927.18,256322.97
2019-11-30,B. Interamericano de Finanzas,1896556.87,1319075.8800000001,14.38,73585.84,27931.42
2019-11-30,Scotiabank Perú,9464824.14,6564702.15,14.42,386532.19,121149.59
2019-11-30,Citibank,778569.13,393170.62,19.8,60288.38,44783.57
2019-11-30,Interbank (con sucursales en el exterior),7573290.71,5014830.81,15.1,323327.8,80280.1
2019-11-30,Mibanco,1689292.53,1135697.35,14.87,68997.83,8617.69
2019-11-30,B. GNB,767353.32,562874.15,13.63,39940.91,9388.55
2019-11-30,B. Falabella Perú,722711.11,469156.41000000003,15.4,93831.28,3515.46
2019-11-30,B. Ripley,435097.96,265422.55000000005,16.39,39072.53,2034.67
2019-11-30,B. ICBC,395410.73,104254.66999999998,37.93,4210.76,20541.73
2020-11-30,B. BBVA Perú,10626682.2,7639224.509999999,13.91,537483.1,134859.14
2020-11-30,B. de Comercio,421683.86,304617.98000000004,13.84,9041.15,192.08
2020-11-30,B. de Crédito del Perú (con sucursales en el exterior),21547508.14,14200041.11,15.17,1125611.07,480842.34
2020-11-30,B. Interamericano de Finanzas,1976513.66,1461833.1,13.52,81392.52,52101.02
2020-11-30,Scotiabank Perú,10263490.15,6237957.78,16.45,412094.62,71778.49
2020-11-30,Citibank,1001770.54,403932.46,24.8,55370.12,38751.46
2020-11-30,Interbank (con sucursales en el exterior),8774576.28,5150642.14,17.04,353759.87,137333.1
2020-11-30,Mibanco,2083435.73,1228449.28,16.96,190813.41,14205.61
2020-11-30,B. GNB,828925.15,500402.62,16.57,38055.76,9501.69
2020-11-30,B. Falabella Perú,631955.31,448035.64999999997,14.11,89607.13,2981.92
2020-11-30,B. Ripley,380875.79,245885.72999999998,15.49,39355.8,633.62
2020-11-30,B. ICBC,442761.51,112558.21,39.34,6220.05,9319.09
2021-11-30,B. BBVA Perú,11947261.55,84577193.5,14.13,6005460.56,1806767.67
2021-11-30,B. de Comercio,426960.42,3344159.4600000004,12.77,133262.27,750.5900000000001
2021-11-30,B. de Crédito del Perú (con sucursales en el exterior),22855835.04,150861371.29999998,15.15,12173649.71,3124450.74
2021-11-30,B. Interamericano de Finanzas,2157280.29,15830216.41,13.63,906109.53,51824.25
2021-11-30,Scotiabank Perú,10735857.4,74162008.54000002,14.48,4407332.79,1465768.4
2021-11-30,Citibank,747266.46,3551017.6100000003,21.04,510314.92,440873.83
2021-11-30,Interbank,9094820.69,57224133.11,15.89,3702296.7500000005,1277520.39
2021-11-30,Mibanco,2293536.27,13824836.959999997,16.59,1895392.3800000001,166861.97
2021-11-30,B. GNB,844554.99,4942809.0600000005,17.09,354952.77,82080.3
2021-11-30,B. Falabella Perú,856623.07,5888012.640000001,14.55,917920.24,29775.280000000002
2021-11-30,B. Ripley,397214.72,2764981.84,14.37,375907.42,4139.08
2021-11-30,Alfin Banco3/,35757.3,595953.0,6.0,99410.71000000002,2045.02
2021-11-30,B. ICBC,456888.12,1520326.6300000001,30.05,86234.53,112466.98000000001
2022-11-30,B. BBVA Perú,12652084.85,90739307.69000001,13.94,6565927.690000001,1477105.57
2022-11-30,B. de Comercio,444748.93,3592261.3800000004,12.38,175925.08,1003.23
2022-11-30,B. de Crédito del Perú (con sucursales en el exterior),23408517.44,161495203.13,14.49,14275335.520000001,1832511.59
2022-11-30,B. Interamericano de Finanzas,2391353.73,17108006.82,13.98,1013672.8000000002,25015.87
2022-11-30,Scotiabank Perú,10569406.24,77095996.33,13.71,4499719.71,1485074.04
2022-11-30,Citibank,748277.84,3709881.64,20.17,557291.17,510990.86000000004
2022-11-30,Interbank,9672966.26,64500219.620000005,15.0,4565552.43,1165975.56
2022-11-30,Mibanco,2326858.17,16362821.31,14.22,1972788.18,120926.15
2022-11-30,B. GNB,815470.44,5199554.06,15.68,332707.38000000006,61972.26000000001
2022-11-30,B. Falabella Perú,950197.87,6185965.090000001,15.36,472131.73000000004,49451.11000000001
2022-11-30,B. Ripley,440249.33,3133249.5599999996,14.05,354931.4000000001,11199.27
2022-11-30,Alfin Banco,137471.8,1611948.7799999998,8.53,282683.14,5711.640000000001
2022-11-30,B. ICBC,480287.99,1604505.1899999997,29.93,113434.99000000002,92304.39
2023-11-30,B. BBVA Perú,12.288266133043479,12.288266133043479,15.584538476895737,0.0,94617499.98959
2023-11-30,B. de Crédito del Perú (con sucursales en el exterior),13.102190499289065,13.102190499289065,17.537329347810772,0.0,151426894.29136997
2023-11-30,B. Interamericano de Finanzas,9.579693369789211,9.579693369789211,14.522858823862638,0.0,17359117.42093
2023-11-30,Scotiabank Perú,13.857980399119363,13.857980399119363,14.997215706866676,0.0,73832940.90402
2023-11-30,Citibank,24.18472501598035,24.18472501598035,24.61481177858533,0.0,4675731.13868
2023-11-30,Interbank,11.51105502327327,11.51105502327327,15.270703619851597,0.0,63724078.60897
2023-11-30,Mibanco,17.849934419166864,17.849934419166864,20.17495745757942,0.0,14303470.445350002
2023-11-30,B. GNB,13.94938687501941,13.94938687501941,15.314387621247526,0.0,5221995.84397
2023-11-30,B. Falabella Perú,17.82311534719655,17.82311534719655,18.569414110589026,0.0,4307320.73761
2023-11-30,B. Ripley,16.327058307117813,16.327058307117813,16.361634604617763,0.0,2048571.1696000001
2023-11-30,Alfin Banco,9.499967586150957,9.499967586150957,10.927363868630593,0.0,904860.25887
2023-11-30,B. ICBC,33.55140386533832,33.55140386533832,39.239644130098625,0.0,1431238.9107300001
2024-11-30,B. BBVA Perú,12.624057784079529,12.624057784079529,15.805888163734194,0.0,99450199.70643
2024-11-30,B. de Crédito del Perú (con sucursales en el exterior),12.87999269295978,12.87999269295978,18.46347228317645,0.0,162258859.07151002
2024-11-30,B. Interamericano de Finanzas,10.118784174262053,10.118784174262053,14.49551232046431,0.0,17952618.9029
2024-11-30,Scotiabank Perú,16.14082287798789,16.14082287798789,17.067966766919632,0.0,65622629.73509999
2024-11-30,Citibank,24.72624458208751,24.72624458208751,25.08672098290686,0.0,4623736.93381
2024-11-30,Interbank,12.485663319197963,12.485663319197963,16.224202183731002,0.0,62740777.62308
2024-11-30,Mibanco,16.81061535289024,16.81061535289024,19.16679901699817,0.0,13198682.527150001
2024-11-30,B. GNB,13.638542858857353,13.638542858857353,14.571205280278793,0.0,5622230.50708
2024-11-30,B. Falabella Perú,20.271135005648834,20.271135005648834,21.009500376852667,0.0,4398189.94708
2024-11-30,B. Ripley,17.508492434865797,17.508492434865797,17.617723146434333,0.0,1667269.27797
2024-11-30,Alfin Banco,12.037877102132045,12.037877102132045,16.75552375776069,0.0,912418.3527299999
2024-11-30,B. ICBC,35.23088995935198,35.23088995935198,40.582329766541946,0.0,1500415.97645
2025-11-30,B. BBVA Perú,13.002194946846652,13.002194946846652,15.814108417460318,0.0,109084714.52368999
2025-11-30,B. de Crédito del Perú (con sucursales en el exterior),13.22530107763748,13.22530107763748,18.92305037518979,0.0,170718149.25041
2025-11-30,B. Interamericano de Finanzas,11.257755495220028,11.257755495220028,15.689135385020991,0.0,18644486.5798
2025-11-30,Scotiabank Perú,15.493295979917319,15.493295979917319,18.43505215008098,0.0,68808257.61107
2025-11-30,Citibank,20.21496262022303,20.21496262022303,20.488131145041873,0.0,5555288.75952
2025-11-30,Interbank,12.428545265369491,12.428545265369491,15.987898540399009,0.0,69052546.56891
2025-11-30,Mibanco,17.304144883120582,17.304144883120582,21.21183125977551,0.0,14163769.62403
2025-11-30,B. GNB,12.539621127329994,12.539621127329994,13.285429300282809,0.0,6282847.593749999
2025-11-30,B. Falabella Perú,23.306920301419332,23.306920301419332,24.35539535252503,0.0,4828972.46782
2025-11-30,B. Ripley,19.491792554796085,19.491792554796085,19.638164499963345,0.0,1881733.58621
2025-11-30,Alfin Banco,9.86694054387527,9.86694054387527,16.014840485017476,0.0,1312315.7948999999
2025-11-30,B. ICBC,33.113330405548666,33.113330405548666,37.77421492759056,0.0,1702151.7191700002
2018-10-31,B. Continental,9627347.84,6595236.430000001,14.6,450317.28,84339.69
2018-10-31,B. de Comercio,327303.37,254193.97999999998,12.88,8017.83,1468.11
2018-10-31,B. de Crédito del Perú (con sucursales en el exterior),17604138.15,11993751.8,14.68,895464.9,150789.98
2018-10-31,B. Interamericano de Finanzas,1621965.48,1237519.0,13.11,71063.48,14580.16
2018-10-31,Scotiabank Perú,8330049.2,5842805.680000001,14.26,343060.36,66107.0
2018-10-31,Citibank,769062.11,415977.12,18.49,57101.86,50358.34
2018-10-31,Interbank (con sucursales en el exterior),6923019.48,4295868.09,16.12,261935.49,51147.69
2018-10-31,Mibanco,1494826.63,999672.07,14.95,59779.35,6402.84
2018-10-31,B. GNB,769058.68,545045.1699999999,14.11,40936.25,10920.62
2018-10-31,B. Falabella Perú,677386.34,401953.12,16.85,69044.63,1597.23
2018-10-31,B. Ripley,369590.62,269809.14,13.7,53088.68,2356.94
2018-10-31,B. Cencosud,182458.33,113666.87,16.05,22733.37,86.46
2018-10-31,B. ICBC,311797.59,53007.20999999999,58.82,2860.34,13929.45
2019-10-31,B. BBVA Perú,10741022.8,7407683.8,14.5,497083.43,153170.15
2019-10-31,B. de Comercio,377394.25,282957.04000000004,13.34,8591.88,215.78
2019-10-31,B. de Crédito del Perú (con sucursales en el exterior),20259938.97,13258286.549999999,15.28,952951.28,207447.5
2019-10-31,B. Interamericano de Finanzas,1875717.54,1293181.28,14.5,72943.05,32663.98
2019-10-31,Scotiabank Perú,9162042.41,6428298.84,14.25,383967.58,125736.13
2019-10-31,Citibank,779303.97,413624.77,18.84,59884.11,52038.45
2019-10-31,Interbank (con sucursales en el exterior),7544680.51,4933776.78,15.29,320001.37,76326.26
2019-10-31,Mibanco,1686321.95,1109714.95,15.2,68307.64,7772.37
2019-10-31,B. GNB,765496.15,574877.3899999999,13.32,40045.11,8722.09
2019-10-31,B. Falabella Perú,721535.14,455345.16000000003,15.85,91069.03,2860.4
2019-10-31,B. Ripley,434643.93,261132.45,16.64,38812.06,2729.76
2019-10-31,B. ICBC,392910.85,88279.28,44.51,4025.08,18571.2
2020-10-31,B. BBVA Perú,10670755.14,7716006.13,13.83,531970.05,138346.14
2020-10-31,B. de Comercio,416967.03,303453.24000000005,13.74,9009.34,361.89
2020-10-31,B. de Crédito del Perú (con sucursales en el exterior),21556917.48,14149132.29,15.24,1119219.54,441819.37
2020-10-31,B. Interamericano de Finanzas,1975086.81,1439508.97,13.72,81338.93,46532.59
2020-10-31,Scotiabank Perú,10225638.61,6277601.63,16.29,411008.91,80958.87
2020-10-31,Citibank,1002497.81,454220.31,22.07,56048.12,58333.85
2020-10-31,Interbank (con sucursales en el exterior),8780662.32,5185294.68,16.93,351046.74,136043.35
2020-10-31,Mibanco,2081747.34,1205922.62,17.26,190526.45,16486.11
2020-10-31,B. GNB,867318.12,499305.4199999999,17.37,38258.97,8398.35
2020-10-31,B. Falabella Perú,644103.02,433705.05,14.85,86741.01,2989.81
2020-10-31,B. Ripley,408686.26,245744.27000000002,16.63,39505.06,421.79
2020-10-31,B. ICBC,439485.72,108471.82999999999,40.52,5864.82,8608.37
2021-10-31,B. BBVA Perú,11871631.63,82948784.14999999,14.31,5947118.74,1673424.29
2021-10-31,B. de Comercio,427214.15,3269248.6,13.07,132799.27,611.27
2021-10-31,B. de Crédito del Perú (con sucursales en el exterior),22730847.75,148422499.88,15.31,12097073.670000002,3038322.55
2021-10-31,B. Interamericano de Finanzas,2130453.08,15509371.849999998,13.74,899138.55,125187.02000000002
2021-10-31,Scotiabank Perú,10726000.74,73538100.04000002,14.59,4378870.18,1391285.9400000002
2021-10-31,Citibank,747182.41,3622898.5000000005,20.62,508829.16,315455.1
2021-10-31,Interbank,9045376.53,56629993.150000006,15.97,3676699.4100000006,1271412.16
2021-10-31,Mibanco,2268839.08,13509519.68,16.79,1882670.7000000002,196234.76
2021-10-31,B. GNB,842803.35,4906016.110000001,17.18,356912.74,90781.04
2021-10-31,B. Falabella Perú,856028.4,5828805.61,14.69,921943.5700000001,32739.660000000003
2021-10-31,B. Ripley,398050.4,2848372.9899999998,13.97,377725.69000000006,3908.27
2021-10-31,B. ICBC,455283.78,1431713.5,31.8,82344.25000000001,109511.11000000002
2022-10-31,B. BBVA Perú,12723477.36,91430144.64,13.92,6509503.390000001,1597344.67
2022-10-31,B. de Comercio,444776.07,3602455.14,12.35,175761.31,389.7800000000001
2022-10-31,B. de Crédito del Perú (con sucursales en el exterior),23609652.62,162316365.60999998,14.55,14145229.55,1378187.8
2022-10-31,B. Interamericano de Finanzas,2404680.83,17053932.259999998,14.1,1005187.7500000001,47982.40000000001
2022-10-31,Scotiabank Perú,10657921.8,76940390.84,13.85,4480712.1,1435917.2
2022-10-31,Citibank,859901.89,3641027.2199999997,23.62,554077.59,572342.91
2022-10-31,Interbank,9630678.94,62892002.480000004,15.31,4532491.54,1229909.22
2022-10-31,Mibanco,2323445.92,16080267.549999997,14.450000000000001,1964506.8000000003,120832.84
2022-10-31,B. GNB,816640.1,5227380.959999999,15.620000000000001,334990.7200000001,64403.13000000001
2022-10-31,B. Falabella Perú,946378.27,6186683.0200000005,15.3,469484.69000000006,39650.4
2022-10-31,B. Ripley,441959.37,3090082.19,14.3,356723.54,12640.800000000001
2022-10-31,Alfin Banco,118343.58,1614248.2700000003,7.33,283137.56,7374.090000000001
2022-10-31,B. ICBC,483978.16000000003,1703328.1799999997,28.41,111310.98,83147.47000000002
2023-10-31,B. BBVA Perú,12.193096402980894,12.193096402980894,15.56253758649431,0.0,93854722.84744999
2023-10-31,B. de Crédito del Perú (con sucursales en el exterior),12.653519267197566,12.653519267197566,17.168714420761717,0.0,151810253.68364
2023-10-31,B. Interamericano de Finanzas,9.41189628190778,9.41189628190778,14.174644425533616,0.0,17419497.547369998
2023-10-31,Scotiabank Perú,13.783985680150511,13.783985680150511,14.923559156920637,0.0,73292418.53345999
2023-10-31,Citibank,23.93873253055431,23.93873253055431,24.398658786271962,0.0,4432045.4544400005
2023-10-31,Interbank,11.280643417523372,11.280643417523372,15.154135764059017,0.0,63910804.10132
2023-10-31,Mibanco,17.593654419212143,17.593654419212143,19.915093632401053,0.0,14418767.876869999
2023-10-31,B. GNB,14.96849865812784,14.96849865812784,16.210627872191246,0.0,5049970.75722
2023-10-31,B. Falabella Perú,17.75249881303501,17.75249881303501,18.491451155382205,0.0,4348169.62439
2023-10-31,B. Ripley,16.970669307258582,16.970669307258582,16.999016866263,0.0,2066809.5242499998
2023-10-31,Alfin Banco,9.661056687497537,9.661056687497537,10.983951143911938,0.0,910404.57365
2023-10-31,B. ICBC,32.29810842985308,32.29810842985308,38.08754390544867,0.0,1449108.45896
2024-10-31,B. BBVA Perú,12.484414665690778,12.484414665690778,15.688982190863317,0.0,98756142.96871002
2024-10-31,B. de Crédito del Perú (con sucursales en el exterior),12.86420710724585,12.86420710724585,18.548747344478322,0.0,159730036.86986002
2024-10-31,B. Interamericano de Finanzas,9.871295028106989,9.871295028106989,14.30394979237091,0.0,18082963.65552
2024-10-31,Scotiabank Perú,15.613279180472448,15.613279180472448,16.539186236870464,0.0,67013786.88748
2024-10-31,Citibank,17.968088921353832,17.968088921353832,18.251882325575806,0.0,6122073.382370001
2024-10-31,Interbank,12.26341414223442,12.26341414223442,16.02142917904331,0.0,62779437.347059995
2024-10-31,Mibanco,16.618844951114635,16.618844951114635,18.982282059914912,0.0,13117436.98927
2024-10-31,B. GNB,13.682880776983442,13.682880776983442,14.516381891639416,0.0,5589617.175170001
2024-10-31,B. Falabella Perú,20.538178780385234,20.538178780385234,21.27125128267314,0.0,4255429.09298
2024-10-31,B. Ripley,17.66614070878531,17.66614070878531,17.759997256997934,0.0,1621581.18525
2024-10-31,Alfin Banco,11.944872927421054,11.944872927421054,16.624763430186054,0.0,918576.80626
2024-10-31,B. ICBC,34.13174703652177,34.13174703652177,39.437373995220234,0.0,1534386.42997
2025-10-31,B. BBVA Perú,12.954758918425451,12.954758918425451,15.79123856753222,0.0,107889702.83691001
2025-10-31,B. de Crédito del Perú (con sucursales en el exterior),13.081781715405722,13.081781715405722,18.859140527798615,0.0,168462435.11367
2025-10-31,B. Interamericano de Finanzas,11.013265706802642,11.013265706802642,15.487356065995295,0.0,18755428.258889996
2025-10-31,Scotiabank Perú,15.296844005052018,15.296844005052018,18.244265246917017,0.0,68951529.40177
2025-10-31,Citibank,19.653769849582332,19.653769849582332,19.92078693467832,0.0,5592559.888010001
2025-10-31,Interbank,12.340918539332424,12.340918539332424,15.94322327030957,0.0,68408888.49114001
2025-10-31,Mibanco,17.25182163756575,17.25182163756575,21.206963383896614,0.0,13908978.454610001
2025-10-31,B. GNB,12.717823551929056,12.717823551929056,13.46862465781395,0.0,6126247.22125
2025-10-31,B. Falabella Perú,23.661392075184374,23.661392075184374,24.704365138293777,0.0,4682481.4834
2025-10-31,B. Ripley,19.65255034278606,19.65255034278606,19.745799356550688,0.0,1831976.55753
2025-10-31,Alfin Banco,8.573376959336521,8.573376959336521,14.28896237971284,0.0,1280707.22477
2025-10-31,B. ICBC,33.91719432598217,33.91719432598217,38.677376079206404,0.0,1653862.3742099998
2018-09-30,B. Continental,9566897.79,6499992.5,14.72,450435.2,60730.42
2018-09-30,B. de Comercio,316642.31,251918.17,12.57,7993.0,1517.42
2018-09-30,B. de Crédito del Perú (con sucursales en el exterior),17492751.93,11708317.43,14.94,894823.92,125676.16
2018-09-30,B. Interamericano de Finanzas,1608872.46,1236270.4200000002,13.01,70628.84,16699.77
2018-09-30,Scotiabank Perú,8321290.23,5755386.420000001,14.46,342099.9,47680.28
2018-09-30,Citibank,767870.58,374747.81,20.49,56798.32,31566.51
2018-09-30,Interbank (con sucursales en el exterior),6886721.21,4239643.399999999,16.24,261032.76,50308.13
2018-09-30,Mibanco,1493491.09,989075.65,15.1,59050.3,6199.35
2018-09-30,B. GNB,767431.19,540425.66,14.2,40989.92,12975.46
2018-09-30,B. Falabella Perú,678181.68,406030.87999999995,16.7,68896.68,621.35
2018-09-30,B. Ripley,368653.16,260203.65,14.17,52040.73,1376.62
2018-09-30,B. Cencosud,182250.78,111430.84999999999,16.36,22286.17,93.89
2018-09-30,B. ICBC,312661.08,56613.95999999999,55.23,2768.09,14028.1
2019-09-30,B. BBVA Perú,10388596.98,7445994.680000001,13.95,494520.38,129837.82
2019-09-30,B. de Comercio,374144.98,280582.7,13.33,8529.12,320.8
2019-09-30,B. de Crédito del Perú (con sucursales en el exterior),20149017.23,13041386.34,15.45,947954.77,214326.3
2019-09-30,B. Interamericano de Finanzas,1781464.66,1280930.78,13.91,72197.05,33124.94
2019-09-30,Scotiabank Perú,9209167.9,6396092.029999999,14.4,380807.42,120164.18
2019-09-30,Citibank,781016.86,369693.48,21.13,59912.67,17477.4
2019-09-30,Interbank (con sucursales en el exterior),7562541.06,4908812.92,15.41,317821.82,85365.42
2019-09-30,Mibanco,1684673.29,1098510.6199999999,15.34,67627.71,10505.58
2019-09-30,B. GNB,825077.42,565568.73,14.59,40145.62,7932.03
2019-09-30,B. Falabella Perú,721442.53,451457.42,15.98,90291.48,1341.62
2019-09-30,B. Ripley,434852.7,262726.84,16.55,38573.7,2428.75
2019-09-30,B. ICBC,325375.25,82237.2,39.57,3929.56,17031.28
2020-09-30,B. BBVA Perú,11244712.53,7779476.340000001,14.45,527428.87,158639.53
2020-09-30,B. de Comercio,415574.02,298359.25999999995,13.93,8982.54,179.24
2020-09-30,B. de Crédito del Perú (con sucursales en el exterior),21527880.65,13991076.9,15.39,995290.36,470157.74
2020-09-30,B. Interamericano de Finanzas,1966706.56,1438365.5899999999,13.67,80517.65,48446.4
2020-09-30,Scotiabank Perú,10181500.12,6335195.66,16.07,410214.98,44051.26
2020-09-30,Citibank,1002605.99,470962.36,21.29,56226.0,67902.63
2020-09-30,Interbank (con sucursales en el exterior),8772565.87,5168022.350000001,16.97,347753.28,144043.33
2020-09-30,Mibanco,2079223.59,1176321.28,17.68,191209.82,11463.83
2020-09-30,B. GNB,865132.32,505115.80000000005,17.13,38405.15,9943.13
2020-09-30,B. Falabella Perú,655769.29,432582.45,15.16,86516.49,4073.83
2020-09-30,B. Ripley,414051.45,251879.75000000003,16.44,39660.98,494.39
2020-09-30,B. ICBC,438408.3,113224.67000000001,38.72,5753.88,11339.72
2021-09-30,B. BBVA Perú,11917832.56,82078993.4,14.52,5925321.290000001,1557280.75
2021-09-30,B. de Comercio,426281.7,3183350.9899999998,13.39,132506.7,1137.06
2021-09-30,B. de Crédito del Perú (con sucursales en el exterior),22956180.37,151415294.34999996,15.16,12046961.42,3792119.0400000005
2021-09-30,B. Interamericano de Finanzas,2132963.95,15635211.200000003,13.64,890719.8100000002,50813.29000000001
2021-09-30,Scotiabank Perú,10802720.31,73760882.06000003,14.65,4356183.17,1333960.04
2021-09-30,Citibank,748273.38,3754462.95,19.93,511035.17,400456.69
2021-09-30,Interbank,9132111.34,56117464.96,16.27,3654739.73,1259579.37
2021-09-30,Mibanco,2247860.68,13430936.160000002,16.74,1880974.6600000001,229234.52000000002
2021-09-30,B. GNB,855653.21,4828431.89,17.72,359299.59,92831.90000000001
2021-09-30,B. Falabella Perú,758533.15,5665543.89,13.39,928522.66,30972.430000000004
2021-09-30,B. Ripley,395988.31,2788245.920000001,14.2,379919.3900000001,5367.35
2021-09-30,B. ICBC,456698.1,1388102.27,32.9,82672.78,103152.36000000002
2022-09-30,B. BBVA Perú,12697824.0,90692214.63000003,14.0,6448840.530000001,1419664.8900000001
2022-09-30,B. de Comercio,444568.63,3574868.3699999996,12.44,175570.77000000002,740.1300000000001
2022-09-30,B. de Crédito del Perú (con sucursales en el exterior),24354019.14,163140250.27,14.93,14009947.2,2618693.0200000005
2022-09-30,B. Interamericano de Finanzas,2238639.18,16975018.130000003,13.19,999457.19,26580.190000000002
2022-09-30,Scotiabank Perú,10667570.13,76384612.57,13.97,4471663.38,936530.39
2022-09-30,Citibank,860913.9,3817719.3600000003,22.55,540235.91,475766.01
2022-09-30,Interbank,9512416.44,62558397.53999999,15.21,4493039.32,1221622.91
2022-09-30,Mibanco,2321166.64,15882852.860000001,14.61,1955758.75,115614.48000000001
2022-09-30,B. GNB,856841.45,5372674.410000001,15.95,336569.87,67565.08
2022-09-30,B. Falabella Perú,946866.36,6099645.48,15.52,468491.56000000006,28828.65
2022-09-30,B. Ripley,443567.98,3066483.3,14.47,358479.7700000001,12317.75
2022-09-30,Alfin Banco,75528.17,1579656.9300000002,4.78,277054.69,6712.260000000001
2022-09-30,B. ICBC,483371.17,1645282.9100000001,29.38,107046.85,78795.09
2023-09-30,B. BBVA Perú,12.309687284066003,12.309687284066003,15.874145146853444,0.0,92376486.54741
2023-09-30,B. de Crédito del Perú (con sucursales en el exterior),13.008835568458737,13.008835568458737,17.512233884021473,0.0,150737286.2126
2023-09-30,B. Interamericano de Finanzas,9.568927843011307,9.568927843011307,14.415639026573226,0.0,17067827.14485
2023-09-30,Scotiabank Perú,13.610374508194317,13.610374508194317,14.76837373759819,0.0,74228169.68798
2023-09-30,Citibank,22.850372469089333,22.850372469089333,23.28883839099774,0.0,4585485.35574
2023-09-30,Interbank,11.1950479510855,11.1950479510855,15.023000934369746,0.0,64277510.68496001
2023-09-30,Mibanco,17.464436388615574,17.464436388615574,19.784957817987195,0.0,14486300.34623
2023-09-30,B. GNB,15.154267260805533,15.154267260805533,16.606579761745877,0.0,4966273.52212
2023-09-30,B. Falabella Perú,17.814879915613837,17.814879915613837,18.544592400749902,0.0,4394217.15441
2023-09-30,B. Ripley,17.33921598111346,17.33921598111346,17.352805995394167,0.0,2077039.89894
2023-09-30,Alfin Banco,8.74481513870409,8.74481513870409,9.729666057585929,0.0,969833.26926
2023-09-30,B. ICBC,30.92894882261928,30.92894882261928,36.51756399481321,0.0,1502455.8627100002
2024-09-30,B. BBVA Perú,12.468868857393819,12.468868857393819,15.660495425327808,0.0,98304727.94141
2024-09-30,B. de Crédito del Perú (con sucursales en el exterior),13.246530603373408,13.246530603373408,18.961627528161927,0.0,156110334.55159998
2024-09-30,B. Interamericano de Finanzas,10.031803215273206,10.031803215273206,14.604310792970999,0.0,17901614.69094
2024-09-30,Scotiabank Perú,15.26431570275312,15.26431570275312,16.213778435980437,0.0,68019667.28065
2024-09-30,Citibank,24.401906860800246,24.401906860800246,24.783102822355403,0.0,4636814.78321
2024-09-30,Interbank,12.1722890957468,12.1722890957468,15.85044030011121,0.0,63356263.9027
2024-09-30,Mibanco,17.85304311912779,17.85304311912779,20.221597484035886,0.0,13096298.695
2024-09-30,B. GNB,13.33529765235449,13.33529765235449,14.359130360766875,0.0,5573670.45445
2024-09-30,B. Falabella Perú,20.69263559829299,20.69263559829299,21.42879503202555,0.0,4215690.20676
2024-09-30,B. Ripley,17.033642441616706,17.033642441616706,17.109144531926713,0.0,1631848.93626
2024-09-30,Alfin Banco,11.929803874545119,11.929803874545119,16.58967687482399,0.0,917439.9362100001
2024-09-30,B. ICBC,33.10331052674304,33.10331052674304,38.205147401184774,0.0,1576979.9635300003
2025-09-30,B. BBVA Perú,12.955217411004291,12.955217411004291,15.85922255083644,0.0,106402416.46756001
2025-09-30,B. de Crédito del Perú (con sucursales en el exterior),12.821568519785554,12.821568519785554,17.715357458951,0.0,167975526.56359
2025-09-30,B. Interamericano de Finanzas,10.747561001986995,10.747561001986995,15.348861236738559,0.0,19036184.19908
2025-09-30,Scotiabank Perú,15.559662207772393,15.559662207772393,18.63238856821512,0.0,67214874.15458
2025-09-30,Citibank,25.082316307856058,25.082316307856058,25.444687289890332,0.0,4295658.59977
2025-09-30,Interbank,12.113783496867988,12.113783496867988,15.79490097844413,0.0,68810366.70932999
2025-09-30,Mibanco,17.12915553699669,17.12915553699669,21.128717666600526,0.0,13683409.764770001
2025-09-30,B. GNB,12.59608940833358,12.59608940833358,13.523498820065669,0.0,6120912.903460001
2025-09-30,B. Falabella Perú,23.438190262137297,23.438190262137297,24.479017359427715,0.0,4644680.3749
2025-09-30,B. Ripley,19.493798731846848,19.493798731846848,19.646602705960646,0.0,1807557.78346
2025-09-30,Alfin Banco,8.19066981494776,8.19066981494776,13.651117148654695,0.0,1265168.80214
2025-09-30,B. ICBC,33.15344479805432,33.15344479805432,37.89756944499942,0.0,1689262.8389599998
